CIT_ID_NO,legal_form,sector,province,small_business,revenue,expenditure,income,tax_base_before_deductions,deductions_from_tax_base,income_tax_base_after_deductions,citax,ID_NO
1,0.0,Wholesale/Retail Trade,Mazowieckie,0,107443809.7,0.0,107443809.7,107443809.7,0.0,107443809.7,20414323.843000002,A1
2,0.0,Wholesale/Retail Trade,Świętokrzyskie,0,106987524.3,0.0,106987524.3,106987524.3,0.0,106987524.3,20327629.617,A2
3,0.0,Utilities,Mazowieckie,0,85726148.66,0.0,85726148.66,85692890.3,0.0,85692890.3,16281649.157,A3
4,0.0,Utilities,Małopolskie,0,85269863.3,0.0,85269863.3,84943966.57,0.0,84943966.57,16139353.6483,A4
5,0.0,Construction,Małopolskie,0,49579741.61,0.0,49579741.61,49579741.61,0.0,49579741.61,9420150.9059,A5
6,0.0,Construction,Śląskie,0,49123456.25,0.0,49123456.25,49123456.25,0.0,49123456.25,9333456.6875,A6
7,0.0,Health,Mazowieckie,0,27708271.92,0.0,27708271.92,27708271.92,0.0,27708271.92,5264571.6648,A7
8,0.0,Health,Łódzkie,0,27251986.56,0.0,27251986.56,27251986.56,0.0,27251986.56,5177877.4464,A8
9,0.0,Professional/Scientific,Świętokrzyskie,0,19983182.98,0.0,19983182.98,19983182.98,0.0,19983182.98,3796804.7662,A9
10,0.0,Professional/Scientific,Mazowieckie,0,19526897.62,0.0,19526897.62,19526897.62,0.0,19526897.62,3710110.5478000003,A10
11,0.0,Wholesale/Retail Trade,Mazowieckie,0,16145806.48,0.0,16145806.48,16145806.48,0.0,16145806.48,3067703.2312000003,A11
12,0.0,Wholesale/Retail Trade,Wielkopolskie,0,15689521.12,0.0,15689521.12,15689521.12,0.0,15689521.12,2981009.0127999997,A12
13,0.0,Utilities,Łódzkie,0,11712683.96,0.0,11712683.96,11683123.96,0.0,11683123.96,2219793.5524000004,A13
14,0.0,Utilities,Śląskie,0,11256398.6,0.0,11256398.6,11231773.299999999,0.0,11231773.299999999,2134036.9269999997,A14
15,0.0,Construction,Mazowieckie,0,9715249.92,0.0,9715249.92,9715249.92,0.0,9715249.92,1845897.4848,A15
16,0.0,Construction,Małopolskie,0,9258964.56,0.0,9258964.56,9258964.56,0.0,9258964.56,1759203.2664,A16
17,0.0,Manufacturing,Mazowieckie,0,8699801.64,0.0,8699801.64,8698801.64,0.0,8698801.64,1652772.3116000001,A17
18,0.0,Manufacturing,Mazowieckie,0,8699738.12,0.0,8699738.12,8364545.389999999,0.0,8364545.389999999,1589263.6240999997,A18
19,0.0,Construction,Dolnośląskie,0,8699725.65,0.0,8699725.65,8699725.65,0.0,8699725.65,1652947.8735,A19
20,0.0,Transportation and Storage,Małopolskie,0,8698383.32,0.0,8698383.32,8698383.32,0.0,8698383.32,1652692.8308,A20
21,0.0,Wholesale/Retail Trade,Wielkopolskie,0,8698242.01,0.0,8698242.01,8698242.01,0.0,8698242.01,1652665.9819,A21
22,0.0,Utilities,Wielkopolskie,0,8697531.21,0.0,8697531.21,8638311.870000001,0.0,8638311.870000001,1641279.2553000003,A22
23,0.0,Construction,Mazowieckie,0,8697300.57,0.0,8697300.57,8080943.350000001,0.0,8080943.350000001,1535379.2365,A23
24,0.0,Wholesale/Retail Trade,Świętokrzyskie,0,8694420.08,0.0,8694420.08,8676011.94,0.0,8676011.94,1648442.2685999998,A24
25,0.0,Not determined,Świętokrzyskie,0,8694359.17,0.0,8694359.17,8694359.17,0.0,8694359.17,1651928.2423,A25
26,0.0,Education,Wielkopolskie,0,8693362.0,0.0,8693362.0,8693062.0,0.0,8693062.0,1651681.78,A26
27,0.0,Manufacturing,Łódzkie,0,8693160.03,0.0,8693160.03,8693160.03,0.0,8693160.03,1651700.4057,A27
28,0.0,Construction,Śląskie,0,8693003.78,0.0,8693003.78,8693003.78,0.0,8693003.78,1651670.7182,A28
29,0.0,Professional/Scientific,Mazowieckie,0,8692862.43,0.0,8692862.43,8692862.43,0.0,8692862.43,1651643.8617,A29
30,0.0,Manufacturing,Małopolskie,0,8692204.62,0.0,8692204.62,8522631.399999999,0.0,8522631.399999999,1619299.9659999998,A30
31,0.0,Construction,Mazowieckie,0,8691871.43,0.0,8691871.43,8691871.43,0.0,8691871.43,1651455.5717,A31
32,0.0,Wholesale/Retail Trade,Mazowieckie,0,8691669.28,0.0,8691669.28,8691669.28,0.0,8691669.28,1651417.1631999998,A32
33,0.0,Wholesale/Retail Trade,Mazowieckie,0,8686201.12,0.0,8686201.12,8686201.12,0.0,8686201.12,1650378.2127999999,A33
34,0.0,Wholesale/Retail Trade,Mazowieckie,0,8685809.84,0.0,8685809.84,8673752.77,0.0,8673752.77,1648013.0263,A34
35,0.0,Not determined,Mazowieckie,0,8685537.34,0.0,8685537.34,8685537.34,0.0,8685537.34,1650252.0946,A35
36,0.0,Manufacturing,Małopolskie,0,8685243.63,0.0,8685243.63,8685243.63,0.0,8685243.63,1650196.2897,A36
37,0.0,Admin and Support Services,Mazowieckie,0,8684418.65,0.0,8684418.65,8684418.65,0.0,8684418.65,1650039.5435000001,A37
38,0.0,Construction,Małopolskie,0,8681645.95,0.0,8681645.95,8681645.95,0.0,8681645.95,1649512.7304999998,A38
39,0.0,Wholesale/Retail Trade,Małopolskie,0,8680714.27,0.0,8680714.27,8677731.25,0.0,8677731.25,1648768.9375,A39
40,0.0,Health,Małopolskie,0,8680472.34,0.0,8680472.34,8680472.34,0.0,8680472.34,1649289.7446,A40
41,0.0,Wholesale/Retail Trade,Dolnośląskie,0,8680323.5,0.0,8680323.5,8680323.5,0.0,8680323.5,1649261.465,A41
42,0.0,Wholesale/Retail Trade,Warmińsko-Mazurskie,0,8679652.66,0.0,8679652.66,8679652.66,0.0,8679652.66,1649134.0054000001,A42
43,0.0,Not determined,Warmińsko-Mazurskie,0,8679273.77,0.0,8679273.77,8666999.24,0.0,8666999.24,1646729.8556000001,A43
44,0.0,Manufacturing,Małopolskie,0,8678381.08,0.0,8678381.08,8678381.08,0.0,8678381.08,1648892.4052,A44
45,0.0,Wholesale/Retail Trade,Wielkopolskie,0,8678326.77,0.0,8678326.77,8678326.77,0.0,8678326.77,1648882.0862999998,A45
46,0.0,Construction,Śląskie,0,8676372.9,0.0,8676372.9,8676372.9,0.0,8676372.9,1648510.851,A46
47,0.0,Wholesale/Retail Trade,Dolnośląskie,0,8676121.97,0.0,8676121.97,8676121.97,0.0,8676121.97,1648463.1743,A47
48,0.0,Wholesale/Retail Trade,Dolnośląskie,0,8675080.9,0.0,8675080.9,8675080.9,0.0,8675080.9,1648265.371,A48
49,0.0,Not determined,Mazowieckie,0,8674611.8,0.0,8674611.8,8674611.8,0.0,8674611.8,1648176.242,A49
50,0.0,Professional/Scientific,Warmińsko-Mazurskie,0,8674169.24,0.0,8674169.24,8674169.24,0.0,8674169.24,1648092.1556000002,A50
51,0.0,Wholesale/Retail Trade,Dolnośląskie,0,8674076.61,0.0,8674076.61,8674076.61,0.0,8674076.61,1648074.5558999998,A51
52,0.0,Wholesale/Retail Trade,Małopolskie,0,8673602.21,0.0,8673602.21,8649449.58,0.0,8649449.58,1643395.4202,A52
53,0.0,Manufacturing,Małopolskie,0,8673079.1,0.0,8673079.1,8673079.1,0.0,8673079.1,1647885.0289999999,A53
54,0.0,Other Service Activities,Mazowieckie,0,8672974.13,0.0,8672974.13,8460164.120000001,0.0,8460164.120000001,1607431.1828000003,A54
55,0.0,Manufacturing,Mazowieckie,0,8672367.19,0.0,8672367.19,8672367.19,0.0,8672367.19,1647749.7661,A55
56,0.0,Manufacturing,Śląskie,0,8671368.47,0.0,8671368.47,8671368.47,0.0,8671368.47,1647560.0093,A56
57,0.0,Manufacturing,Łódzkie,0,8671001.55,0.0,8671001.55,8638028.63,0.0,8638028.63,1641225.4397000002,A57
58,0.0,Real Estate,Mazowieckie,0,8670872.01,0.0,8670872.01,8670872.01,0.0,8670872.01,1647465.6819,A58
59,0.0,Construction,Wielkopolskie,0,8670813.9,0.0,8670813.9,8415992.83,0.0,8415992.83,1599038.6377,A59
60,0.0,ICT,Mazowieckie,0,8670599.72,0.0,8670599.72,8670599.72,0.0,8670599.72,1647413.9468,A60
61,0.0,Wholesale/Retail Trade,Mazowieckie,0,8670050.83,0.0,8670050.83,8670050.83,0.0,8670050.83,1647309.6577,A61
62,0.0,Manufacturing,Małopolskie,0,8669951.09,0.0,8669951.09,7963159.52,0.0,7963159.52,1513000.3088,A62
63,0.0,ICT,Mazowieckie,0,8668877.13,0.0,8668877.13,8668877.13,0.0,8668877.13,1647086.6547,A63
64,0.0,Real Estate,Śląskie,0,8668550.23,0.0,8668550.23,8668550.23,0.0,8668550.23,1647024.5437,A64
65,0.0,Transportation and Storage,Mazowieckie,0,8668382.56,0.0,8668382.56,8668382.56,0.0,8668382.56,1646992.6864,A65
66,0.0,Manufacturing,Wielkopolskie,0,8668292.76,0.0,8668292.76,8668292.76,0.0,8668292.76,1646975.6244,A66
67,0.0,Admin and Support Services,Dolnośląskie,0,8667340.3,0.0,8667340.3,8667340.3,0.0,8667340.3,1646794.6570000001,A67
68,0.0,Wholesale/Retail Trade,Mazowieckie,0,8667325.64,0.0,8667325.64,8667325.64,0.0,8667325.64,1646791.8716000002,A68
69,0.0,Wholesale/Retail Trade,Warmińsko-Mazurskie,0,8666919.91,0.0,8666919.91,8666919.91,0.0,8666919.91,1646714.7829,A69
70,0.0,Professional/Scientific,Mazowieckie,0,8666708.98,0.0,8666708.98,8664208.98,0.0,8664208.98,1646199.7062000001,A70
71,0.0,Wholesale/Retail Trade,Łódzkie,0,8665838.3,0.0,8665838.3,8665838.3,0.0,8665838.3,1646509.2770000002,A71
72,0.0,Manufacturing,Dolnośląskie,0,8665309.43,0.0,8665309.43,8643542.81,0.0,8643542.81,1642273.1339,A72
73,0.0,Admin and Support Services,Wielkopolskie,0,8665246.96,0.0,8665246.96,8665246.96,0.0,8665246.96,1646396.9224000003,A73
74,0.0,Manufacturing,Śląskie,0,8664512.15,0.0,8664512.15,8664512.15,0.0,8664512.15,1646257.3085,A74
75,0.0,Wholesale/Retail Trade,Mazowieckie,0,8664387.96,0.0,8664387.96,8664387.96,0.0,8664387.96,1646233.7124,A75
76,0.0,Wholesale/Retail Trade,Dolnośląskie,0,8664305.51,0.0,8664305.51,8664305.51,0.0,8664305.51,1646218.0469,A76
77,0.0,Manufacturing,Wielkopolskie,0,8664114.57,0.0,8664114.57,8664114.57,0.0,8664114.57,1646181.7683,A77
78,0.0,Wholesale/Retail Trade,Małopolskie,0,8663945.51,0.0,8663945.51,8663945.51,0.0,8663945.51,1646149.6469,A78
79,0.0,Wholesale/Retail Trade,Mazowieckie,0,8663775.29,0.0,8663775.29,8561924.18,0.0,8561924.18,1626765.5942,A79
80,0.0,Manufacturing,Małopolskie,0,8663579.18,0.0,8663579.18,8602326.9,0.0,8602326.9,1634442.111,A80
81,0.0,Manufacturing,Mazowieckie,0,8663338.05,0.0,8663338.05,8663338.05,0.0,8663338.05,1646034.2295000001,A81
82,0.0,Real Estate,Mazowieckie,0,8662989.15,0.0,8662989.15,8432556.98,0.0,8432556.98,1602185.8262,A82
83,0.0,Professional/Scientific,Dolnośląskie,0,8662580.09,0.0,8662580.09,8662580.09,0.0,8662580.09,1645890.2171,A83
84,0.0,Not determined,Mazowieckie,0,8661546.39,0.0,8661546.39,8661546.39,0.0,8661546.39,1645693.8141,A84
85,0.0,Wholesale/Retail Trade,Mazowieckie,0,8661522.22,0.0,8661522.22,8661522.22,0.0,8661522.22,1645689.2218000002,A85
86,0.0,Hotels and Restaurants,Mazowieckie,0,8661201.53,0.0,8661201.53,8661201.53,0.0,8661201.53,1645628.2906999998,A86
87,0.0,Manufacturing,Małopolskie,0,8660204.59,0.0,8660204.59,403927.7400000002,0.0,403927.7400000002,76746.27060000005,A87
88,0.0,Not determined,Małopolskie,0,8659913.5,0.0,8659913.5,8659913.5,0.0,8659913.5,1645383.565,A88
89,0.0,Wholesale/Retail Trade,Warmińsko-Mazurskie,0,8658507.36,0.0,8658507.36,8658507.36,0.0,8658507.36,1645116.3983999998,A89
90,0.0,Manufacturing,Mazowieckie,0,8657544.83,0.0,8657544.83,8657544.83,0.0,8657544.83,1644933.5177,A90
91,0.0,Finance,Mazowieckie,0,8657262.15,0.0,8657262.15,8657262.15,0.0,8657262.15,1644879.8085,A91
92,0.0,Manufacturing,Dolnośląskie,0,8656598.14,0.0,8656598.14,8656598.14,0.0,8656598.14,1644753.6466,A92
93,0.0,Manufacturing,Wielkopolskie,0,8655875.39,0.0,8655875.39,8655875.39,0.0,8655875.39,1644616.3241,A93
94,0.0,Other Service Activities,Łódzkie,0,8654673.58,0.0,8654673.58,8654673.58,0.0,8654673.58,1644387.9802,A94
95,0.0,Health,Dolnośląskie,0,8653648.82,0.0,8653648.82,8653648.82,0.0,8653648.82,1644193.2758000002,A95
96,0.0,Wholesale/Retail Trade,Śląskie,0,8653610.61,0.0,8653610.61,8653610.61,0.0,8653610.61,1644186.0159,A96
97,0.0,Other Service Activities,Mazowieckie,0,8653484.2,0.0,8653484.2,8653484.2,0.0,8653484.2,1644161.998,A97
98,0.0,Wholesale/Retail Trade,Mazowieckie,0,8652361.01,0.0,8652361.01,8652361.01,0.0,8652361.01,1643948.5918999999,A98
99,0.0,Manufacturing,Mazowieckie,0,8652038.23,0.0,8652038.23,8652038.23,0.0,8652038.23,1643887.2637,A99
100,0.0,Manufacturing,Mazowieckie,0,8651651.11,0.0,8651651.11,8651651.11,0.0,8651651.11,1643813.7108999998,A100
101,0.0,Manufacturing,Dolnośląskie,0,8651466.06,0.0,8651466.06,8651466.06,0.0,8651466.06,1643778.5514000002,A101
102,0.0,Wholesale/Retail Trade,Dolnośląskie,0,8651319.06,0.0,8651319.06,8651319.06,0.0,8651319.06,1643750.6214,A102
103,0.0,Real Estate,Mazowieckie,0,8651122.27,0.0,8651122.27,8239336.899999999,0.0,8239336.899999999,1565474.011,A103
104,0.0,Manufacturing,Wielkopolskie,0,8650282.12,0.0,8650282.12,8650282.12,0.0,8650282.12,1643553.6027999998,A104
105,0.0,Manufacturing,Śląskie,0,8650138.6,0.0,8650138.6,8647638.6,0.0,8647638.6,1643051.334,A105
106,0.0,Wholesale/Retail Trade,Wielkopolskie,0,8649109.86,0.0,8649109.86,8649109.86,0.0,8649109.86,1643330.8734,A106
107,0.0,Manufacturing,Mazowieckie,0,8649004.5,0.0,8649004.5,8649004.5,0.0,8649004.5,1643310.855,A107
108,0.0,Wholesale/Retail Trade,Małopolskie,0,8648651.72,0.0,8648651.72,8648651.72,0.0,8648651.72,1643243.8268000002,A108
109,0.0,Wholesale/Retail Trade,Śląskie,0,8648646.76,0.0,8648646.76,8648646.76,0.0,8648646.76,1643242.8843999999,A109
110,0.0,Not determined,Mazowieckie,0,8648557.13,0.0,8648557.13,8648557.13,0.0,8648557.13,1643225.8547000003,A110
111,0.0,Utilities,Warmińsko-Mazurskie,0,8648516.98,0.0,8648516.98,8648516.98,0.0,8648516.98,1643218.2262000002,A111
112,0.0,ICT,Dolnośląskie,0,8648307.18,0.0,8648307.18,8647807.18,0.0,8647807.18,1643083.3642,A112
113,0.0,Entertainment,Kujawsko-Pomorskie,0,8648287.71,0.0,8648287.71,8648287.71,0.0,8648287.71,1643174.6649000002,A113
114,0.0,Professional/Scientific,Dolnośląskie,0,8647700.72,0.0,8647700.72,8647700.72,0.0,8647700.72,1643063.1368000002,A114
115,0.0,Not determined,Mazowieckie,0,8647486.16,0.0,8647486.16,8647486.16,0.0,8647486.16,1643022.3704000001,A115
116,0.0,Manufacturing,Wielkopolskie,0,8646667.28,0.0,8646667.28,8618576.11,0.0,8618576.11,1637529.4608999998,A116
117,0.0,Manufacturing,Śląskie,0,8646319.49,0.0,8646319.49,8177320.23,50176.38,8127143.850000001,1544157.3315,A117
118,0.0,Wholesale/Retail Trade,Mazowieckie,0,8646032.67,0.0,8646032.67,8646032.67,0.0,8646032.67,1642746.2073,A118
119,0.0,Not determined,Kujawsko-Pomorskie,0,8645974.13,0.0,8645974.13,8645974.13,0.0,8645974.13,1642735.0847000002,A119
120,0.0,ICT,Mazowieckie,0,8645966.64,0.0,8645966.64,8601966.64,0.0,8601966.64,1634373.6616000002,A120
121,0.0,Real Estate,Kujawsko-Pomorskie,0,8645734.33,0.0,8645734.33,8645734.33,0.0,8645734.33,1642689.5227,A121
122,0.0,Utilities,Dolnośląskie,0,8645067.54,0.0,8645067.54,8645067.54,0.0,8645067.54,1642562.8325999998,A122
123,0.0,Utilities,Małopolskie,0,8644750.35,0.0,8644750.35,8644750.35,0.0,8644750.35,1642502.5665,A123
124,0.0,Construction,Wielkopolskie,0,8644044.58,0.0,8644044.58,8644044.58,0.0,8644044.58,1642368.4702,A124
125,0.0,Professional/Scientific,Wielkopolskie,0,8643310.38,0.0,8643310.38,8643310.38,0.0,8643310.38,1642228.9722000002,A125
126,0.0,Construction,Wielkopolskie,0,8642796.19,0.0,8642796.19,8642796.19,0.0,8642796.19,1642131.2761,A126
127,0.0,Entertainment,Wielkopolskie,0,8641140.7,0.0,8641140.7,8641140.7,0.0,8641140.7,1641816.7329999998,A127
128,0.0,Not determined,Śląskie,0,8639245.93,0.0,8639245.93,8619245.93,0.0,8619245.93,1637656.7267,A128
129,0.0,Utilities,Mazowieckie,0,8638864.42,0.0,8638864.42,8580889.32,0.0,8580889.32,1630368.9708,A129
130,0.0,Wholesale/Retail Trade,Warmińsko-Mazurskie,0,8638487.07,0.0,8638487.07,8638487.07,0.0,8638487.07,1641312.5433,A130
131,0.0,Wholesale/Retail Trade,Mazowieckie,0,8637979.96,0.0,8637979.96,8637979.96,0.0,8637979.96,1641216.1924000003,A131
132,0.0,Real Estate,Wielkopolskie,0,8637850.68,0.0,8637850.68,8637850.68,0.0,8637850.68,1641191.6291999999,A132
133,0.0,Wholesale/Retail Trade,Mazowieckie,0,8637677.74,0.0,8637677.74,8637677.74,0.0,8637677.74,1641158.7706000002,A133
134,0.0,Admin and Support Services,Małopolskie,0,8637373.72,0.0,8637373.72,8637373.72,0.0,8637373.72,1641101.0068,A134
135,0.0,Manufacturing,Wielkopolskie,0,8637359.4,0.0,8637359.4,8249364.86,0.0,8249364.86,1567379.3234,A135
136,0.0,Wholesale/Retail Trade,Mazowieckie,0,8636156.16,0.0,8636156.16,8636156.16,0.0,8636156.16,1640869.6704,A136
137,0.0,Not determined,Małopolskie,0,8635778.77,0.0,8635778.77,8635778.77,0.0,8635778.77,1640797.9663,A137
138,0.0,Manufacturing,Wielkopolskie,0,8635706.43,0.0,8635706.43,8635706.43,0.0,8635706.43,1640784.2216999999,A138
139,0.0,Health,Małopolskie,0,8635029.95,0.0,8635029.95,8635029.95,0.0,8635029.95,1640655.6904999998,A139
140,0.0,Education,Mazowieckie,0,8634861.87,0.0,8634861.87,8613825.02,0.0,8613825.02,1636626.7537999998,A140
141,0.0,Not determined,Kujawsko-Pomorskie,0,8634054.82,0.0,8634054.82,8634054.82,0.0,8634054.82,1640470.4158,A141
142,0.0,Wholesale/Retail Trade,Mazowieckie,0,8633564.7,0.0,8633564.7,8633564.7,0.0,8633564.7,1640377.2929999998,A142
143,0.0,Wholesale/Retail Trade,Opolskie,0,8633543.18,0.0,8633543.18,8633543.18,0.0,8633543.18,1640373.2042,A143
144,0.0,Construction,Opolskie,0,8633343.32,0.0,8633343.32,8633343.32,0.0,8633343.32,1640335.2308,A144
145,0.0,Wholesale/Retail Trade,Śląskie,0,8632999.99,0.0,8632999.99,8632999.99,0.0,8632999.99,1640269.9981,A145
146,0.0,Wholesale/Retail Trade,Małopolskie,0,8632199.19,0.0,8632199.19,8632199.19,0.0,8632199.19,1640117.8461,A146
147,0.0,Construction,Kujawsko-Pomorskie,0,8631732.37,0.0,8631732.37,7410491.699999999,0.0,7410491.699999999,1407993.423,A147
148,0.0,Wholesale/Retail Trade,Opolskie,0,8631355.58,0.0,8631355.58,8631355.58,0.0,8631355.58,1639957.5602,A148
149,0.0,Real Estate,Opolskie,0,8631251.11,0.0,8631251.11,8619569.09,0.0,8619569.09,1637718.1271,A149
150,0.0,Professional/Scientific,Kujawsko-Pomorskie,0,8631040.76,0.0,8631040.76,8566669.15,0.0,8566669.15,1627667.1385000001,A150
151,0.0,Construction,Kujawsko-Pomorskie,0,8630456.54,0.0,8630456.54,8630456.54,0.0,8630456.54,1639786.7425999998,A151
152,0.0,Not determined,Kujawsko-Pomorskie,0,8630201.77,0.0,8630201.77,8630201.77,0.0,8630201.77,1639738.3362999998,A152
153,0.0,Wholesale/Retail Trade,Podkarpackie,0,8629869.79,0.0,8629869.79,8629869.79,0.0,8629869.79,1639675.2600999998,A153
154,0.0,Construction,Łódzkie,0,8629281.39,0.0,8629281.39,8629281.39,0.0,8629281.39,1639563.4641000002,A154
155,0.0,Not determined,Podkarpackie,0,8628889.22,0.0,8628889.22,8447639.22,0.0,8447639.22,1605051.4518000002,A155
156,0.0,Other Service Activities,Podkarpackie,0,8628587.7,0.0,8628587.7,8628587.7,0.0,8628587.7,1639431.663,A156
157,0.0,Wholesale/Retail Trade,Dolnośląskie,0,8628096.58,0.0,8628096.58,8628096.58,0.0,8628096.58,1639338.3502,A157
158,0.0,Not determined,Małopolskie,0,8628091.17,0.0,8628091.17,8628091.17,0.0,8628091.17,1639337.3223,A158
159,0.0,Wholesale/Retail Trade,Podkarpackie,0,8627781.44,0.0,8627781.44,8388429.279999999,0.0,8388429.279999999,1593801.5632,A159
160,0.0,Construction,Kujawsko-Pomorskie,0,8627767.89,0.0,8627767.89,8627767.89,0.0,8627767.89,1639275.8991,A160
161,0.0,Not determined,Wielkopolskie,0,8627195.76,0.0,8627195.76,8627195.76,0.0,8627195.76,1639167.1944,A161
162,0.0,Real Estate,Podkarpackie,0,8626616.89,0.0,8626616.89,8626616.89,0.0,8626616.89,1639057.2091,A162
163,0.0,Wholesale/Retail Trade,Małopolskie,0,8626583.62,0.0,8626583.62,8626583.62,0.0,8626583.62,1639050.8878,A163
164,0.0,Utilities,Mazowieckie,0,8626380.08,0.0,8626380.08,8626380.08,0.0,8626380.08,1639012.2152,A164
165,0.0,Manufacturing,Łódzkie,0,8626377.69,0.0,8626377.69,8626377.69,0.0,8626377.69,1639011.7611,A165
166,0.0,Not determined,Podkarpackie,0,8626322.56,0.0,8626322.56,8626322.56,0.0,8626322.56,1639001.2864,A166
167,0.0,Not determined,Podkarpackie,0,8625156.02,0.0,8625156.02,8625156.02,0.0,8625156.02,1638779.6438,A167
168,0.0,Construction,Wielkopolskie,0,8625145.78,0.0,8625145.78,8625145.78,0.0,8625145.78,1638777.6982,A168
169,0.0,Not determined,Kujawsko-Pomorskie,0,8625108.18,0.0,8625108.18,8625108.18,0.0,8625108.18,1638770.5542,A169
170,0.0,Wholesale/Retail Trade,Warmińsko-Mazurskie,0,8624289.66,0.0,8624289.66,8624289.66,0.0,8624289.66,1638615.0354,A170
171,0.0,Utilities,Wielkopolskie,0,8624084.29,0.0,8624084.29,8624084.29,0.0,8624084.29,1638576.0151,A171
172,0.0,Finance,Łódzkie,0,8623740.84,0.0,8623740.84,8621946.82,0.0,8621946.82,1638169.8958,A172
173,0.0,Wholesale/Retail Trade,Mazowieckie,0,8623175.43,0.0,8623175.43,8623175.43,0.0,8623175.43,1638403.3317,A173
174,0.0,Health,Podkarpackie,0,8622991.12,0.0,8622991.12,8622991.12,0.0,8622991.12,1638368.3128,A174
175,0.0,Hotels and Restaurants,Mazowieckie,0,8622492.42,0.0,8622492.42,8622492.42,0.0,8622492.42,1638273.5598,A175
176,0.0,ICT,Podkarpackie,0,8621902.05,0.0,8621902.05,8621902.05,0.0,8621902.05,1638161.3895,A176
177,0.0,Not determined,Śląskie,0,8621093.59,0.0,8621093.59,8621093.59,0.0,8621093.59,1638007.7821,A177
178,0.0,Manufacturing,Wielkopolskie,0,8620885.35,0.0,8620885.35,8620885.35,0.0,8620885.35,1637968.2164999999,A178
179,0.0,Transportation and Storage,Mazowieckie,0,8620573.39,0.0,8620573.39,8620573.39,0.0,8620573.39,1637908.9441000002,A179
180,0.0,Utilities,Śląskie,0,8620465.06,0.0,8620465.06,8620465.06,0.0,8620465.06,1637888.3614,A180
181,0.0,ICT,Podkarpackie,0,8620270.79,0.0,8620270.79,8620270.79,0.0,8620270.79,1637851.4500999998,A181
182,0.0,Transportation and Storage,Małopolskie,0,8619644.74,0.0,8619644.74,8619644.74,0.0,8619644.74,1637732.5006000001,A182
183,0.0,Agriculture,Dolnośląskie,0,8619575.44,0.0,8619575.44,8217115.709999999,0.0,8217115.709999999,1561251.9848999998,A183
184,0.0,Other Service Activities,Dolnośląskie,0,8619318.05,0.0,8619318.05,8619318.05,0.0,8619318.05,1637670.4295,A184
185,0.0,Real Estate,Łódzkie,0,8618798.92,0.0,8618798.92,8618798.92,0.0,8618798.92,1637571.7948,A185
186,0.0,Health,Mazowieckie,0,8618548.09,0.0,8618548.09,8618548.09,0.0,8618548.09,1637524.1371,A186
187,0.0,Finance,Podkarpackie,0,8618283.59,0.0,8618283.59,8618283.59,0.0,8618283.59,1637473.8821,A187
188,0.0,Wholesale/Retail Trade,Podkarpackie,0,8616643.67,0.0,8616643.67,8616643.67,0.0,8616643.67,1637162.2973,A188
189,0.0,Transportation and Storage,Mazowieckie,0,8616504.33,0.0,8616504.33,8616504.33,0.0,8616504.33,1637135.8227000001,A189
190,0.0,Manufacturing,Wielkopolskie,0,8614654.77,0.0,8614654.77,8614654.77,0.0,8614654.77,1636784.4063,A190
191,0.0,Manufacturing,Podkarpackie,0,8614350.48,0.0,8614350.48,8614350.48,0.0,8614350.48,1636726.5912000001,A191
192,0.0,Wholesale/Retail Trade,Kujawsko-Pomorskie,0,8614325.04,0.0,8614325.04,8237997.679999999,0.0,8237997.679999999,1565219.5591999998,A192
193,0.0,Manufacturing,Podkarpackie,0,8614263.82,0.0,8614263.82,8614263.82,0.0,8614263.82,1636710.1258,A193
194,0.0,Hotels and Restaurants,Zachodniopomorskie,0,8613505.87,0.0,8613505.87,8613505.87,0.0,8613505.87,1636566.1153,A194
195,0.0,Wholesale/Retail Trade,Zachodniopomorskie,0,8613390.4,0.0,8613390.4,8177769.590000001,0.0,8177769.590000001,1553776.2221000001,A195
196,0.0,Wholesale/Retail Trade,Podkarpackie,0,8613270.17,0.0,8613270.17,8613270.17,0.0,8613270.17,1636521.3323,A196
197,0.0,Wholesale/Retail Trade,Podkarpackie,0,8613195.19,0.0,8613195.19,8613195.19,0.0,8613195.19,1636507.0861,A197
198,0.0,Construction,Śląskie,0,8613145.35,0.0,8613145.35,8613145.35,0.0,8613145.35,1636497.6165,A198
199,0.0,Manufacturing,Mazowieckie,0,8613115.36,0.0,8613115.36,8613115.36,0.0,8613115.36,1636491.9183999998,A199
200,0.0,Transportation and Storage,Podkarpackie,0,8613005.88,0.0,8613005.88,8608845.100000001,0.0,8608845.100000001,1635680.5690000004,A200
201,0.0,Wholesale/Retail Trade,Kujawsko-Pomorskie,0,8612417.09,0.0,8612417.09,8438245.89,0.0,8438245.89,1603266.7191,A201
202,0.0,Manufacturing,Wielkopolskie,0,8612392.14,0.0,8612392.14,8612392.14,0.0,8612392.14,1636354.5066000002,A202
203,0.0,Not determined,Mazowieckie,0,8612211.39,0.0,8612211.39,8612211.39,0.0,8612211.39,1636320.1641000002,A203
204,0.0,Admin and Support Services,Zachodniopomorskie,0,8611914.38,0.0,8611914.38,8236597.160000001,0.0,8236597.160000001,1564953.4604000002,A204
205,0.0,Manufacturing,Łódzkie,0,8611893.0,0.0,8611893.0,8611893.0,0.0,8611893.0,1636259.67,A205
206,0.0,Not determined,Mazowieckie,0,8611478.68,0.0,8611478.68,8005857.649999999,0.0,8005857.649999999,1521112.9534999998,A206
207,0.0,Manufacturing,Mazowieckie,0,8609819.71,0.0,8609819.71,8609819.71,0.0,8609819.71,1635865.7449000003,A207
208,0.0,Not determined,Śląskie,0,8609579.69,0.0,8609579.69,8609579.69,0.0,8609579.69,1635820.1411,A208
209,0.0,Education,Zachodniopomorskie,0,8609140.64,0.0,8609140.64,8609140.64,0.0,8609140.64,1635736.7216,A209
210,0.0,Not determined,Dolnośląskie,0,8609081.07,0.0,8609081.07,8609081.07,0.0,8609081.07,1635725.4033000001,A210
211,0.0,Wholesale/Retail Trade,Mazowieckie,0,8608318.03,0.0,8608318.03,8594713.54,0.0,8594713.54,1632995.5725999998,A211
212,0.0,Manufacturing,Kujawsko-Pomorskie,0,8608176.11,0.0,8608176.11,8608176.11,0.0,8608176.11,1635553.4608999998,A212
213,0.0,Real Estate,Wielkopolskie,0,8607806.37,0.0,8607806.37,8577806.37,0.0,8577806.37,1629783.2103,A213
214,0.0,Admin and Support Services,Podkarpackie,0,8607162.52,0.0,8607162.52,8607162.52,0.0,8607162.52,1635360.8787999998,A214
215,0.0,Wholesale/Retail Trade,Podkarpackie,0,8606615.01,0.0,8606615.01,8445882.36,0.0,8445882.36,1604717.6483999998,A215
216,0.0,Manufacturing,Mazowieckie,0,8606078.27,0.0,8606078.27,8606078.27,0.0,8606078.27,1635154.8713,A216
217,0.0,Wholesale/Retail Trade,Kujawsko-Pomorskie,0,8605997.0,0.0,8605997.0,8605997.0,0.0,8605997.0,1635139.43,A217
218,0.0,Admin and Support Services,Podlaskie,0,8605335.03,0.0,8605335.03,8401144.059999999,0.0,8401144.059999999,1596217.3713999998,A218
219,0.0,Wholesale/Retail Trade,Mazowieckie,0,8604172.06,0.0,8604172.06,8590705.020000001,0.0,8590705.020000001,1632233.9538000003,A219
220,0.0,Manufacturing,Zachodniopomorskie,0,8602686.39,0.0,8602686.39,8023342.390000001,0.0,8023342.390000001,1524435.0541,A220
221,0.0,Admin and Support Services,Podlaskie,0,8602296.28,0.0,8602296.28,8602296.28,0.0,8602296.28,1634436.2932,A221
222,0.0,Admin and Support Services,Podlaskie,0,8602219.55,0.0,8602219.55,8602219.55,0.0,8602219.55,1634421.7145000002,A222
223,0.0,Wholesale/Retail Trade,Śląskie,0,8601995.57,0.0,8601995.57,8575746.040000001,0.0,8575746.040000001,1629391.7476000001,A223
224,0.0,Wholesale/Retail Trade,Warmińsko-Mazurskie,0,8601941.82,0.0,8601941.82,8601941.82,0.0,8601941.82,1634368.9458,A224
225,0.0,Wholesale/Retail Trade,Mazowieckie,0,8601817.33,0.0,8601817.33,8601817.33,0.0,8601817.33,1634345.2927,A225
226,0.0,Wholesale/Retail Trade,Podlaskie,0,8600741.13,0.0,8600741.13,8600741.13,0.0,8600741.13,1634140.8147000002,A226
227,0.0,Transportation and Storage,Mazowieckie,0,8600334.15,0.0,8600334.15,8600334.15,0.0,8600334.15,1634063.4885,A227
228,0.0,Wholesale/Retail Trade,Podlaskie,0,8599603.76,0.0,8599603.76,8599603.76,0.0,8599603.76,1633924.7144,A228
229,0.0,Manufacturing,Dolnośląskie,0,8598384.2,0.0,8598384.2,8598384.2,0.0,8598384.2,1633692.998,A229
230,0.0,Utilities,Śląskie,0,8598168.34,0.0,8598168.34,8596168.34,0.0,8596168.34,1633271.9846,A230
231,0.0,Real Estate,Zachodniopomorskie,0,8598069.72,0.0,8598069.72,8598069.72,0.0,8598069.72,1633633.2468,A231
232,0.0,Real Estate,Mazowieckie,0,8597862.66,0.0,8597862.66,8597862.66,0.0,8597862.66,1633593.9054,A232
233,0.0,Professional/Scientific,Kujawsko-Pomorskie,0,8597755.21,0.0,8597755.21,8597755.21,0.0,8597755.21,1633573.4899000002,A233
234,0.0,Real Estate,Podlaskie,0,8597655.91,0.0,8597655.91,7713521.05,0.0,7713521.05,1465568.9995,A234
235,0.0,Transportation and Storage,Kujawsko-Pomorskie,0,8597381.97,0.0,8597381.97,8597381.97,0.0,8597381.97,1633502.5743000002,A235
236,0.0,Wholesale/Retail Trade,Mazowieckie,0,8597095.33,0.0,8597095.33,8597095.33,0.0,8597095.33,1633448.1127,A236
237,0.0,Health,Mazowieckie,0,8596533.72,0.0,8596533.72,8596533.72,0.0,8596533.72,1633341.4068000002,A237
238,0.0,Wholesale/Retail Trade,Warmińsko-Mazurskie,0,8595042.65,0.0,8595042.65,8595042.65,0.0,8595042.65,1633058.1035000002,A238
239,0.0,Finance,Wielkopolskie,0,8594666.1,0.0,8594666.1,8594666.1,0.0,8594666.1,1632986.559,A239
240,0.0,Admin and Support Services,Śląskie,0,8594288.75,0.0,8594288.75,8257158.12,0.0,8257158.12,1568860.0428,A240
241,0.0,Wholesale/Retail Trade,Mazowieckie,0,8594280.44,0.0,8594280.44,8594280.44,0.0,8594280.44,1632913.2836,A241
242,0.0,Admin and Support Services,Podlaskie,0,8594128.46,0.0,8594128.46,8594128.46,0.0,8594128.46,1632884.4074000001,A242
243,0.0,Professional/Scientific,Podlaskie,0,8593521.42,0.0,8593521.42,8593521.42,0.0,8593521.42,1632769.0698,A243
244,0.0,Wholesale/Retail Trade,Podlaskie,0,8593511.39,0.0,8593511.39,8593511.39,0.0,8593511.39,1632767.1641000002,A244
245,0.0,Health,Mazowieckie,0,8592916.8,0.0,8592916.8,8592916.8,0.0,8592916.8,1632654.1920000003,A245
246,0.0,Wholesale/Retail Trade,Warmińsko-Mazurskie,0,8592890.27,0.0,8592890.27,8561618.61,0.0,8561618.61,1626707.5359,A246
247,0.0,Construction,Podlaskie,0,8592772.96,0.0,8592772.96,8592772.96,0.0,8592772.96,1632626.8624000002,A247
248,0.0,Wholesale/Retail Trade,Mazowieckie,0,8592511.25,0.0,8592511.25,8592511.25,0.0,8592511.25,1632577.1375,A248
249,0.0,Manufacturing,Wielkopolskie,0,8592366.45,0.0,8592366.45,8592366.45,0.0,8592366.45,1632549.6254999998,A249
250,0.0,Professional/Scientific,Mazowieckie,0,8592324.88,0.0,8592324.88,8592324.88,0.0,8592324.88,1632541.7272,A250
251,0.0,Construction,Mazowieckie,0,8592134.26,0.0,8592134.26,8592134.26,0.0,8592134.26,1632505.5093999999,A251
252,0.0,ICT,Wielkopolskie,0,8591446.87,0.0,8591446.87,8576446.87,0.0,8576446.87,1629524.9052999998,A252
253,0.0,Construction,Pomorskie,0,8589880.88,0.0,8589880.88,8354864.660000001,0.0,8354864.660000001,1587424.2854000002,A253
254,0.0,Health,Pomorskie,0,8589592.81,0.0,8589592.81,8589592.81,0.0,8589592.81,1632022.6339,A254
255,0.0,Hotels and Restaurants,Pomorskie,0,8589494.74,0.0,8589494.74,8589494.74,0.0,8589494.74,1632004.0006000001,A255
256,0.0,Real Estate,Wielkopolskie,0,8589084.67,0.0,8589084.67,8589084.67,0.0,8589084.67,1631926.0873,A256
257,0.0,Wholesale/Retail Trade,Lubelskie,0,8588809.61,0.0,8588809.61,8588809.61,0.0,8588809.61,1631873.8258999998,A257
258,0.0,Not determined,Mazowieckie,0,8587977.1,0.0,8587977.1,8587977.1,0.0,8587977.1,1631715.649,A258
259,0.0,Manufacturing,Śląskie,0,8587754.51,0.0,8587754.51,8587754.51,0.0,8587754.51,1631673.3569,A259
260,0.0,Manufacturing,Pomorskie,0,8587666.13,0.0,8587666.13,8587666.13,0.0,8587666.13,1631656.5647000002,A260
261,0.0,Not determined,Łódzkie,0,8587517.84,0.0,8587517.84,8587517.84,0.0,8587517.84,1631628.3895999999,A261
262,0.0,Wholesale/Retail Trade,Pomorskie,0,8587467.08,0.0,8587467.08,8340044.8,0.0,8340044.8,1584608.5119999999,A262
263,0.0,Construction,Wielkopolskie,0,8587116.11,0.0,8587116.11,8587116.11,0.0,8587116.11,1631552.0609,A263
264,0.0,Not determined,Wielkopolskie,0,8586747.35,0.0,8586747.35,8465408.76,0.0,8465408.76,1608427.6644,A264
265,0.0,Wholesale/Retail Trade,Pomorskie,0,8586716.91,0.0,8586716.91,8586716.91,0.0,8586716.91,1631476.2129000002,A265
266,0.0,Finance,Mazowieckie,0,8586317.17,0.0,8586317.17,8586317.17,0.0,8586317.17,1631400.2623,A266
267,0.0,Utilities,Warmińsko-Mazurskie,0,8585780.43,0.0,8585780.43,8585780.43,0.0,8585780.43,1631298.2817,A267
268,0.0,ICT,Zachodniopomorskie,0,8585426.98,0.0,8585426.98,8383042.91,0.0,8383042.91,1592778.1529,A268
269,0.0,Utilities,Mazowieckie,0,8585285.38,0.0,8585285.38,8585285.38,0.0,8585285.38,1631204.2222000002,A269
270,0.0,Real Estate,Mazowieckie,0,8585061.87,0.0,8585061.87,8585061.87,0.0,8585061.87,1631161.7552999998,A270
271,0.0,Wholesale/Retail Trade,Pomorskie,0,8584702.37,0.0,8584702.37,8584702.37,0.0,8584702.37,1631093.4503,A271
272,0.0,Not determined,Zachodniopomorskie,0,8584153.2,0.0,8584153.2,8584153.2,0.0,8584153.2,1630989.1079999998,A272
273,0.0,Professional/Scientific,Pomorskie,0,8584053.61,0.0,8584053.61,8584053.61,0.0,8584053.61,1630970.1859,A273
274,0.0,Real Estate,Wielkopolskie,0,8583957.6,0.0,8583957.6,8583957.6,0.0,8583957.6,1630951.944,A274
275,0.0,Not determined,Pomorskie,0,8583385.74,0.0,8583385.74,8583385.74,0.0,8583385.74,1630843.2906,A275
276,0.0,Mining and Quarrying,Małopolskie,0,8583350.44,0.0,8583350.44,8203218.43,0.0,8203218.43,1558611.5017,A276
277,0.0,Manufacturing,Lubelskie,0,8583019.15,0.0,8583019.15,8583019.15,0.0,8583019.15,1630773.6385000001,A277
278,0.0,Transportation and Storage,Mazowieckie,0,8582182.24,0.0,8582182.24,8582182.24,0.0,8582182.24,1630614.6256000001,A278
279,0.0,Wholesale/Retail Trade,Pomorskie,0,8582121.99,0.0,8582121.99,8582121.99,0.0,8582121.99,1630603.1781000001,A279
280,0.0,Not determined,Wielkopolskie,0,8581994.66,0.0,8581994.66,8581994.66,0.0,8581994.66,1630578.9854000001,A280
281,0.0,Wholesale/Retail Trade,Lubelskie,0,8581938.5,0.0,8581938.5,8581938.5,0.0,8581938.5,1630568.315,A281
282,0.0,Finance,Mazowieckie,0,8581684.77,0.0,8581684.77,8581684.77,0.0,8581684.77,1630520.1062999999,A282
283,0.0,Construction,Pomorskie,0,8581322.96,0.0,8581322.96,8063114.100000001,0.0,8063114.100000001,1531991.6790000002,A283
284,0.0,Not determined,Łódzkie,0,8580338.37,0.0,8580338.37,8580338.37,0.0,8580338.37,1630264.2902999998,A284
285,0.0,Wholesale/Retail Trade,Zachodniopomorskie,0,8579901.06,0.0,8579901.06,8579901.06,0.0,8579901.06,1630181.2014000001,A285
286,0.0,Not determined,Pomorskie,0,8578977.73,0.0,8578977.73,8578977.73,0.0,8578977.73,1630005.7687000001,A286
287,0.0,Agriculture,Wielkopolskie,0,8578748.07,0.0,8578748.07,8447210.25,0.0,8447210.25,1604969.9475,A287
288,0.0,Wholesale/Retail Trade,Lubelskie,0,8577896.42,0.0,8577896.42,8036515.2,0.0,8036515.2,1526937.888,A288
289,0.0,Not determined,Pomorskie,0,8577314.17,0.0,8577314.17,8577314.17,0.0,8577314.17,1629689.6923,A289
290,0.0,Manufacturing,Zachodniopomorskie,0,8575862.77,0.0,8575862.77,8575862.77,0.0,8575862.77,1629413.9263,A290
291,0.0,Manufacturing,Pomorskie,0,8575043.33,0.0,8575043.33,8575043.33,0.0,8575043.33,1629258.2327,A291
292,0.0,Wholesale/Retail Trade,Mazowieckie,0,8574062.62,0.0,8574062.62,8574062.62,0.0,8574062.62,1629071.8978,A292
293,0.0,Wholesale/Retail Trade,Mazowieckie,0,8572287.27,0.0,8572287.27,8572287.27,0.0,8572287.27,1628734.5813,A293
294,0.0,Not determined,Mazowieckie,0,8572274.35,0.0,8572274.35,8572274.35,0.0,8572274.35,1628732.1265,A294
295,0.0,Professional/Scientific,Mazowieckie,0,8571889.3,0.0,8571889.3,8571889.3,36239.0,8535650.3,1621773.5570000003,A295
296,0.0,Other Service Activities,Zachodniopomorskie,0,8571311.67,0.0,8571311.67,8571311.67,0.0,8571311.67,1628549.2173,A296
297,0.0,Manufacturing,Lubelskie,0,8570851.89,0.0,8570851.89,8570851.89,0.0,8570851.89,1628461.8591000002,A297
298,0.0,Construction,Pomorskie,0,8570718.96,0.0,8570718.96,8570718.96,0.0,8570718.96,1628436.6024000002,A298
299,0.0,Not determined,Warmińsko-Mazurskie,0,8570649.79,0.0,8570649.79,8570649.79,0.0,8570649.79,1628423.4600999998,A299
300,0.0,Wholesale/Retail Trade,Lubelskie,0,8568550.14,0.0,8568550.14,8568550.14,0.0,8568550.14,1628024.5266000002,A300
301,0.0,Finance,Mazowieckie,0,8568277.37,0.0,8568277.37,8568177.37,0.0,8568177.37,1627953.7003,A301
302,0.0,Hotels and Restaurants,Pomorskie,0,8568160.71,0.0,8568160.71,8497464.48,0.0,8497464.48,1614518.2512,A302
303,0.0,Manufacturing,Pomorskie,0,8568152.98,0.0,8568152.98,8568152.98,0.0,8568152.98,1627949.0662,A303
304,0.0,Real Estate,Pomorskie,0,8566719.72,0.0,8566719.72,8566719.72,0.0,8566719.72,1627676.7468,A304
305,0.0,ICT,Mazowieckie,0,8566287.99,0.0,8566287.99,8566287.99,0.0,8566287.99,1627594.7181000002,A305
306,0.0,Wholesale/Retail Trade,Śląskie,0,8565898.8,0.0,8565898.8,8565898.8,0.0,8565898.8,1627520.772,A306
307,0.0,ICT,Dolnośląskie,0,8565108.81,0.0,8565108.81,8565108.81,0.0,8565108.81,1627370.6739,A307
308,0.0,Construction,Mazowieckie,0,8564346.81,0.0,8564346.81,8564346.81,0.0,8564346.81,1627225.8939,A308
309,0.0,Finance,Wielkopolskie,0,8564257.52,0.0,8564257.52,8564257.52,0.0,8564257.52,1627208.9287999999,A309
310,0.0,Wholesale/Retail Trade,Wielkopolskie,0,8563645.7,0.0,8563645.7,8563645.7,0.0,8563645.7,1627092.683,A310
311,0.0,Wholesale/Retail Trade,Śląskie,0,8563507.99,0.0,8563507.99,8563507.99,0.0,8563507.99,1627066.5181,A311
312,0.0,Wholesale/Retail Trade,Wielkopolskie,0,8563332.93,0.0,8563332.93,8563332.93,0.0,8563332.93,1627033.2567,A312
313,0.0,Manufacturing,Łódzkie,0,8563135.12,0.0,8563135.12,8563135.12,0.0,8563135.12,1626995.6727999998,A313
314,0.0,Wholesale/Retail Trade,Lubelskie,0,8562594.57,0.0,8562594.57,8562594.57,0.0,8562594.57,1626892.9683,A314
315,0.0,Wholesale/Retail Trade,Dolnośląskie,0,8562385.5,0.0,8562385.5,8562385.5,0.0,8562385.5,1626853.245,A315
316,0.0,Real Estate,Mazowieckie,0,8561651.23,0.0,8561651.23,8561651.23,0.0,8561651.23,1626713.7337000002,A316
317,0.0,Wholesale/Retail Trade,Pomorskie,0,8561238.38,0.0,8561238.38,8561238.38,0.0,8561238.38,1626635.2922000003,A317
318,0.0,Construction,Mazowieckie,0,8561053.31,0.0,8561053.31,8561053.31,0.0,8561053.31,1626600.1289000001,A318
319,0.0,Not determined,Lubelskie,0,8560762.44,0.0,8560762.44,8560762.44,0.0,8560762.44,1626544.8635999998,A319
320,0.0,Transportation and Storage,Lubuskie,0,8560736.74,0.0,8560736.74,8478739.620000001,0.0,8478739.620000001,1610960.5278000003,A320
321,0.0,Manufacturing,Mazowieckie,0,8560702.96,0.0,8560702.96,8560702.96,0.0,8560702.96,1626533.5624000002,A321
322,0.0,Professional/Scientific,Mazowieckie,0,8559915.55,0.0,8559915.55,8462419.39,0.0,8462419.39,1607859.6841000002,A322
323,0.0,Not determined,Mazowieckie,0,8559872.89,0.0,8559872.89,8559713.89,0.0,8559713.89,1626345.6391,A323
324,0.0,Finance,Śląskie,0,8559859.58,0.0,8559859.58,8553359.58,0.0,8553359.58,1625138.3202,A324
325,0.0,Real Estate,Pomorskie,0,8559709.66,0.0,8559709.66,8559709.66,0.0,8559709.66,1626344.8354,A325
326,0.0,ICT,Lubuskie,0,8559487.8,0.0,8559487.8,8559487.8,0.0,8559487.8,1626302.6820000003,A326
327,0.0,Construction,Lubuskie,0,8559482.77,0.0,8559482.77,8559482.77,0.0,8559482.77,1626301.7263,A327
328,0.0,Not determined,Zachodniopomorskie,0,8559126.51,0.0,8559126.51,8488126.51,0.0,8488126.51,1612744.0369,A328
329,0.0,Entertainment,Łódzkie,0,8558473.99,0.0,8558473.99,8558473.99,0.0,8558473.99,1626110.0581,A329
330,0.0,Education,Mazowieckie,0,8557809.32,0.0,8557809.32,8557809.32,0.0,8557809.32,1625983.7708,A330
331,0.0,Construction,Wielkopolskie,0,8557736.66,0.0,8557736.66,8557736.66,0.0,8557736.66,1625969.9654,A331
332,0.0,Wholesale/Retail Trade,Pomorskie,0,8557211.4,0.0,8557211.4,8557211.4,0.0,8557211.4,1625870.1660000002,A332
333,0.0,Manufacturing,Warmińsko-Mazurskie,0,8556880.41,0.0,8556880.41,8556880.41,0.0,8556880.41,1625807.2779,A333
334,0.0,Finance,Warmińsko-Mazurskie,0,8556505.0,0.0,8556505.0,8554505.0,0.0,8554505.0,1625355.95,A334
335,0.0,Not determined,Mazowieckie,0,8555740.85,0.0,8555740.85,8545889.87,0.0,8545889.87,1623719.0753,A335
336,0.0,Wholesale/Retail Trade,Lubuskie,0,8555634.67,0.0,8555634.67,8555634.67,0.0,8555634.67,1625570.5873,A336
337,0.0,Construction,Zachodniopomorskie,0,8555526.96,0.0,8555526.96,8555526.96,0.0,8555526.96,1625550.1224000002,A337
338,0.0,ICT,Mazowieckie,0,8555113.15,0.0,8555113.15,8555113.15,0.0,8555113.15,1625471.4985,A338
339,0.0,Health,Zachodniopomorskie,0,8554977.47,0.0,8554977.47,8554977.47,0.0,8554977.47,1625445.7193000002,A339
340,0.0,Transportation and Storage,Dolnośląskie,0,8554804.45,0.0,8554804.45,8554804.45,0.0,8554804.45,1625412.8454999998,A340
341,0.0,Admin and Support Services,Łódzkie,0,8554715.66,0.0,8554715.66,8468710.64,0.0,8468710.64,1609055.0216,A341
342,0.0,Real Estate,Łódzkie,0,8552713.16,0.0,8552713.16,8552713.16,0.0,8552713.16,1625015.5004,A342
343,0.0,Admin and Support Services,Wielkopolskie,0,8551697.06,0.0,8551697.06,8311427.600000001,0.0,8311427.600000001,1579171.2440000002,A343
344,0.0,Hotels and Restaurants,Pomorskie,0,8551666.56,0.0,8551666.56,8551666.56,0.0,8551666.56,1624816.6464000002,A344
345,0.0,Manufacturing,Pomorskie,0,8551266.68,0.0,8551266.68,8551266.68,0.0,8551266.68,1624740.6692,A345
346,0.0,Wholesale/Retail Trade,Wielkopolskie,0,8550880.25,0.0,8550880.25,8550880.25,0.0,8550880.25,1624667.2475,A346
347,0.0,Professional/Scientific,Lubuskie,0,8550863.21,0.0,8550863.21,8047817.840000001,0.0,8047817.840000001,1529085.3896,A347
348,0.0,Manufacturing,Pomorskie,0,8550607.35,0.0,8550607.35,8535891.129999999,0.0,8535891.129999999,1621819.3146999998,A348
349,0.0,Wholesale/Retail Trade,Lubuskie,0,8550336.87,0.0,8550336.87,8550336.87,0.0,8550336.87,1624564.0052999998,A349
350,0.0,Not determined,Lubuskie,0,8550120.7,0.0,8550120.7,8550120.7,0.0,8550120.7,1624522.933,A350
351,0.0,Transportation and Storage,Mazowieckie,0,8550013.09,0.0,8550013.09,8550013.09,0.0,8550013.09,1624502.4871,A351
352,0.0,Manufacturing,Mazowieckie,0,8549932.62,0.0,8549932.62,8549932.62,0.0,8549932.62,1624487.1978,A352
353,0.0,Finance,Mazowieckie,0,8549751.06,0.0,8549751.06,8529451.06,0.0,8529451.06,1620595.7014000001,A353
354,0.0,Not determined,Śląskie,0,8549143.0,0.0,8549143.0,8549143.0,0.0,8549143.0,1624337.17,A354
355,0.0,Construction,Pomorskie,0,8549129.65,0.0,8549129.65,8549129.65,0.0,8549129.65,1624334.6335,A355
356,0.0,Transportation and Storage,Lubuskie,0,8548650.16,0.0,8548650.16,8548650.16,0.0,8548650.16,1624243.5304,A356
357,0.0,Manufacturing,Pomorskie,0,8548426.77,0.0,8548426.77,8548426.77,0.0,8548426.77,1624201.0862999998,A357
358,0.0,Admin and Support Services,Mazowieckie,0,8548312.69,0.0,8548312.69,8548312.69,0.0,8548312.69,1624179.4111,A358
359,0.0,Hotels and Restaurants,Wielkopolskie,0,8548236.38,0.0,8548236.38,8548236.38,0.0,8548236.38,1624164.9122000001,A359
360,0.0,Wholesale/Retail Trade,Mazowieckie,0,8548049.14,0.0,8548049.14,8548049.14,0.0,8548049.14,1624129.3366,A360
361,0.0,Wholesale/Retail Trade,Mazowieckie,0,8547441.67,0.0,8547441.67,8544255.4,0.0,8544255.4,1623408.526,A361
362,0.0,ICT,Pomorskie,0,8545760.76,0.0,8545760.76,8545760.76,0.0,8545760.76,1623694.5444,A362
363,0.0,Manufacturing,Lubuskie,0,8545527.2,0.0,8545527.2,8515752.76,0.0,8515752.76,1617993.0244,A363
364,0.0,Manufacturing,Mazowieckie,0,8544480.47,0.0,8544480.47,8544480.47,0.0,8544480.47,1623451.2893,A364
365,0.0,Finance,Pomorskie,0,8543908.02,0.0,8543908.02,8543908.02,0.0,8543908.02,1623342.5237999998,A365
366,0.0,Entertainment,Wielkopolskie,0,8541523.78,0.0,8541523.78,8531974.61,0.0,8531974.61,1621075.1759,A366
367,0.0,Transportation and Storage,Łódzkie,0,8541466.01,0.0,8541466.01,8541466.01,0.0,8541466.01,1622878.5419,A367
368,0.0,Health,Mazowieckie,0,8541264.3,0.0,8541264.3,8541264.3,0.0,8541264.3,1622840.2170000002,A368
369,0.0,Manufacturing,Mazowieckie,0,8541264.14,0.0,8541264.14,8541264.14,0.0,8541264.14,1622840.1866000001,A369
370,0.0,Wholesale/Retail Trade,Pomorskie,0,8541149.22,0.0,8541149.22,8541149.22,0.0,8541149.22,1622818.3518,A370
371,0.0,Wholesale/Retail Trade,Warmińsko-Mazurskie,0,8538996.37,0.0,8538996.37,8538996.37,0.0,8538996.37,1622409.3102999998,A371
372,0.0,Not determined,Mazowieckie,0,8538710.07,0.0,8538710.07,8538710.07,0.0,8538710.07,1622354.9133000001,A372
373,0.0,Manufacturing,Pomorskie,0,8538666.3,0.0,8538666.3,8414976.42,0.0,8414976.42,1598845.5198,A373
374,0.0,Wholesale/Retail Trade,Mazowieckie,0,8538147.36,0.0,8538147.36,8538147.36,0.0,8538147.36,1622247.9984,A374
375,0.0,ICT,Śląskie,0,8537160.57,0.0,8537160.57,8537160.57,0.0,8537160.57,1622060.5083,A375
376,0.0,Utilities,Śląskie,0,8536794.05,0.0,8536794.05,8525300.790000001,0.0,8525300.790000001,1619807.1501000002,A376
377,0.0,Wholesale/Retail Trade,Śląskie,0,8535988.05,0.0,8535988.05,8535988.05,0.0,8535988.05,1621837.7295000001,A377
378,0.0,Real Estate,Śląskie,0,8535687.07,0.0,8535687.07,8535687.07,0.0,8535687.07,1621780.5433,A378
379,0.0,Wholesale/Retail Trade,Mazowieckie,0,8535360.55,0.0,8535360.55,8535360.55,0.0,8535360.55,1621718.5045000003,A379
380,0.0,Utilities,Śląskie,0,8534988.77,0.0,8534988.77,8534988.77,0.0,8534988.77,1621647.8662999999,A380
381,0.0,Admin and Support Services,Śląskie,0,8534166.64,0.0,8534166.64,8534166.64,0.0,8534166.64,1621491.6616000002,A381
382,0.0,Utilities,Mazowieckie,0,8533729.26,0.0,8533729.26,8533729.26,0.0,8533729.26,1621408.5594,A382
383,0.0,Manufacturing,Mazowieckie,0,8533145.89,0.0,8533145.89,8533145.89,0.0,8533145.89,1621297.7191,A383
384,0.0,Manufacturing,Mazowieckie,0,8532675.03,0.0,8532675.03,8532675.03,0.0,8532675.03,1621208.2556999999,A384
385,0.0,Wholesale/Retail Trade,Śląskie,0,8532475.08,0.0,8532475.08,8522475.08,0.0,8522475.08,1619270.2652,A385
386,0.0,Wholesale/Retail Trade,Śląskie,0,8532079.75,0.0,8532079.75,8532079.75,0.0,8532079.75,1621095.1525,A386
387,0.0,Utilities,Zachodniopomorskie,0,8532074.94,0.0,8532074.94,8532074.94,0.0,8532074.94,1621094.2385999998,A387
388,0.0,Transportation and Storage,Śląskie,0,8531940.38,0.0,8531940.38,8531940.38,0.0,8531940.38,1621068.6722000001,A388
389,0.0,Wholesale/Retail Trade,Mazowieckie,0,8531735.82,0.0,8531735.82,8531735.82,0.0,8531735.82,1621029.8058,A389
390,0.0,Utilities,Śląskie,0,8530175.22,0.0,8530175.22,8530175.22,0.0,8530175.22,1620733.2918000002,A390
391,0.0,ICT,Śląskie,0,8529950.73,0.0,8529950.73,8517742.05,0.0,8517742.05,1618370.9895000001,A391
392,0.0,Education,Wielkopolskie,0,8529080.64,0.0,8529080.64,8529080.64,0.0,8529080.64,1620525.3216000001,A392
393,0.0,ICT,Śląskie,0,8528659.31,0.0,8528659.31,8518659.31,0.0,8518659.31,1618545.2689,A393
394,0.0,Hotels and Restaurants,Śląskie,0,8528060.7,0.0,8528060.7,8528060.7,0.0,8528060.7,1620331.5329999998,A394
395,0.0,Manufacturing,Mazowieckie,0,8527740.6,0.0,8527740.6,8527740.6,0.0,8527740.6,1620270.714,A395
396,0.0,Not determined,Dolnośląskie,0,8526836.27,0.0,8526836.27,8526836.27,0.0,8526836.27,1620098.8913,A396
397,0.0,Hotels and Restaurants,Łódzkie,0,8525988.93,0.0,8525988.93,8525988.93,0.0,8525988.93,1619937.8967,A397
398,0.0,Professional/Scientific,Lubuskie,0,8525877.87,0.0,8525877.87,8508078.139999999,0.0,8508078.139999999,1616534.8465999998,A398
399,0.0,Wholesale/Retail Trade,Mazowieckie,0,8525358.66,0.0,8525358.66,8525358.66,0.0,8525358.66,1619818.1454,A399
400,0.0,Health,Wielkopolskie,0,8525086.63,0.0,8525086.63,8525086.63,0.0,8525086.63,1619766.4597000002,A400
401,0.0,Transportation and Storage,Dolnośląskie,0,8524183.58,0.0,8524183.58,8497662.23,0.0,8497662.23,1614555.8237,A401
402,0.0,Wholesale/Retail Trade,Śląskie,0,8522176.86,0.0,8522176.86,8522176.86,0.0,8522176.86,1619213.6034,A402
403,0.0,Wholesale/Retail Trade,Śląskie,0,8521812.09,0.0,8521812.09,8521812.09,0.0,8521812.09,1619144.2971,A403
404,0.0,Not determined,Dolnośląskie,0,8521749.66,0.0,8521749.66,8521749.66,0.0,8521749.66,1619132.4354,A404
405,0.0,Manufacturing,Mazowieckie,0,8521528.38,0.0,8521528.38,8521528.38,0.0,8521528.38,1619090.3922000001,A405
406,0.0,Real Estate,Świętokrzyskie,0,8520895.94,0.0,8520895.94,8520895.94,0.0,8520895.94,1618970.2286,A406
407,0.0,Hotels and Restaurants,Zachodniopomorskie,0,8520622.91,0.0,8520622.91,8520622.91,0.0,8520622.91,1618918.3529,A407
408,0.0,Construction,Dolnośląskie,0,8519935.89,0.0,8519935.89,8012855.870000001,0.0,8012855.870000001,1522442.6153000002,A408
409,0.0,Wholesale/Retail Trade,Mazowieckie,0,8519745.74,0.0,8519745.74,7944872.79,0.0,7944872.79,1509525.8301000001,A409
410,0.0,Entertainment,Mazowieckie,0,8519341.63,0.0,8519341.63,8519341.63,0.0,8519341.63,1618674.9097000002,A410
411,0.0,Wholesale/Retail Trade,Mazowieckie,0,8518674.88,0.0,8518674.88,8518674.88,0.0,8518674.88,1618548.2272,A411
412,0.0,Real Estate,Śląskie,0,8516836.08,0.0,8516836.08,8516836.08,0.0,8516836.08,1618198.8552,A412
413,0.0,Real Estate,Śląskie,0,8516328.57,0.0,8516328.57,8516328.57,0.0,8516328.57,1618102.4283,A413
414,0.0,Transportation and Storage,Śląskie,0,8515442.74,0.0,8515442.74,8514019.450000001,0.0,8514019.450000001,1617663.6955000001,A414
415,0.0,Wholesale/Retail Trade,Zachodniopomorskie,0,8514638.29,0.0,8514638.29,8514638.29,0.0,8514638.29,1617781.2750999997,A415
416,0.0,Transportation and Storage,Śląskie,0,8513947.27,0.0,8513947.27,8513947.27,0.0,8513947.27,1617649.9812999999,A416
417,0.0,Admin and Support Services,Mazowieckie,0,8513918.62,0.0,8513918.62,8513918.62,0.0,8513918.62,1617644.5377999998,A417
418,0.0,Wholesale/Retail Trade,Śląskie,0,8513467.52,0.0,8513467.52,8327955.55,0.0,8327955.55,1582311.5545,A418
419,0.0,Real Estate,Lubuskie,0,8512590.82,0.0,8512590.82,8512590.82,0.0,8512590.82,1617392.2558000002,A419
420,0.0,Education,Śląskie,0,8511759.44,0.0,8511759.44,8511759.44,0.0,8511759.44,1617234.2936,A420
421,0.0,Construction,Śląskie,0,8511398.0,0.0,8511398.0,8511398.0,0.0,8511398.0,1617165.62,A421
422,0.0,Wholesale/Retail Trade,Zachodniopomorskie,0,8511127.97,0.0,8511127.97,8511127.97,0.0,8511127.97,1617114.3143000002,A422
423,0.0,Utilities,Mazowieckie,0,8510877.29,0.0,8510877.29,8510877.29,0.0,8510877.29,1617066.6851,A423
424,0.0,Not determined,Mazowieckie,0,8509646.16,0.0,8509646.16,8509646.16,0.0,8509646.16,1616832.7704,A424
425,0.0,Manufacturing,Mazowieckie,0,8509446.15,0.0,8509446.15,8509446.15,0.0,8509446.15,1616794.7685,A425
426,0.0,Wholesale/Retail Trade,Śląskie,0,8509405.34,0.0,8509405.34,8509405.34,0.0,8509405.34,1616787.0145999999,A426
427,0.0,Wholesale/Retail Trade,Mazowieckie,0,8509364.98,0.0,8509364.98,8509364.98,0.0,8509364.98,1616779.3462,A427
428,0.0,Education,Lubuskie,0,8509098.96,0.0,8509098.96,8509098.96,0.0,8509098.96,1616728.8024000002,A428
429,0.0,Manufacturing,Mazowieckie,0,8509024.86,0.0,8509024.86,8509024.86,0.0,8509024.86,1616714.7234,A429
430,0.0,Professional/Scientific,Śląskie,0,8508998.33,0.0,8508998.33,8508998.33,0.0,8508998.33,1616709.6827,A430
431,0.0,Professional/Scientific,Wielkopolskie,0,8508556.55,0.0,8508556.55,8508556.55,0.0,8508556.55,1616625.7445000003,A431
432,0.0,Admin and Support Services,Zachodniopomorskie,0,8508513.63,0.0,8508513.63,8508513.63,0.0,8508513.63,1616617.5897000001,A432
433,0.0,Admin and Support Services,Mazowieckie,0,8507771.71,0.0,8507771.71,8507771.71,0.0,8507771.71,1616476.6249000002,A433
434,0.0,Not determined,Śląskie,0,8507309.01,0.0,8507309.01,8507309.01,0.0,8507309.01,1616388.7119,A434
435,0.0,Entertainment,Wielkopolskie,0,8506807.79,0.0,8506807.79,8506807.79,0.0,8506807.79,1616293.4800999998,A435
436,0.0,Wholesale/Retail Trade,Śląskie,0,8506782.02,0.0,8506782.02,8506782.02,0.0,8506782.02,1616288.5838,A436
437,0.0,Not determined,Mazowieckie,0,8506452.99,0.0,8506452.99,8500656.950000001,0.0,8500656.950000001,1615124.8205000001,A437
438,0.0,Real Estate,Mazowieckie,0,8506158.24,0.0,8506158.24,8506158.24,0.0,8506158.24,1616170.0656,A438
439,0.0,Wholesale/Retail Trade,Świętokrzyskie,0,8505591.46,0.0,8505591.46,8505591.46,0.0,8505591.46,1616062.3774,A439
440,0.0,Not determined,Łódzkie,0,8504970.24,0.0,8504970.24,8457960.3,0.0,8457960.3,1607012.4570000002,A440
441,0.0,Wholesale/Retail Trade,Mazowieckie,0,8504563.98,0.0,8504563.98,8394855.07,0.0,8394855.07,1595022.4633000002,A441
442,0.0,Transportation and Storage,Śląskie,0,8504434.66,0.0,8504434.66,8504434.66,0.0,8504434.66,1615842.5854,A442
443,0.0,Not determined,Wielkopolskie,0,8503988.27,0.0,8503988.27,8503988.27,34477.05,8469511.219999999,1609207.1317999999,A443
444,0.0,Admin and Support Services,Śląskie,0,8502336.03,0.0,8502336.03,8482444.49,0.0,8482444.49,1611664.4531,A444
445,0.0,Wholesale/Retail Trade,Śląskie,0,8501603.29,0.0,8501603.29,8501603.29,0.0,8501603.29,1615304.6250999998,A445
446,0.0,ICT,Śląskie,0,8500991.0,0.0,8500991.0,8500991.0,0.0,8500991.0,1615188.29,A446
447,0.0,Health,Wielkopolskie,1,3602177.77,0.0,3602177.77,3602177.77,0.0,3602177.77,540326.6655,A447
448,0.0,Health,Łódzkie,1,3145892.41,0.0,3145892.41,3145892.41,0.0,3145892.41,471883.8615,A448
449,0.0,Professional/Scientific,Mazowieckie,1,2111182.48,0.0,2111182.48,2111182.48,0.0,2111182.48,316677.372,A449
450,0.0,Professional/Scientific,Śląskie,1,1654897.12,0.0,1654897.12,1654897.12,0.0,1654897.12,248234.568,A450
