CIT_ID_NO,legal_form,sector,province,small_business,revenue,expenditure,income,tax_base_before_deductions,deductions_from_tax_base,income_tax_base_after_deductions,citax,ID_NO,cit_rate_small_business,percent_exempt_rate_tax_free_income_statistic_purpose_art_17_1_4d_etc
1,0.0,Wholesale/Retail Trade,Mazowieckie,0,107443809.7,0.0,107443809.7,107443809.7,0.0,107443809.7,20414323.843000002,A1,20414324,20414324
2,0.0,Wholesale/Retail Trade,Świętokrzyskie,0,106987524.3,0.0,106987524.3,106987524.3,0.0,106987524.3,20327629.617,A2,20327630,20327630
3,0.0,Utilities,Mazowieckie,0,85726148.66,0.0,85726148.66,85692890.3,0.0,85692890.3,16281649.157,A3,16281649,16281649
4,0.0,Utilities,Małopolskie,0,85269863.3,0.0,85269863.3,84943966.57,0.0,84943966.57,16139353.6483,A4,16139354,16139354
5,0.0,Construction,Małopolskie,0,49579741.61,0.0,49579741.61,49579741.61,0.0,49579741.61,9420150.9059,A5,9420151,9420151
6,0.0,Construction,Śląskie,0,49123456.25,0.0,49123456.25,49123456.25,0.0,49123456.25,9333456.6875,A6,9333457,9333457
7,0.0,Health,Mazowieckie,0,27708271.92,0.0,27708271.92,27708271.92,0.0,27708271.92,5264571.6648,A7,5264572,5264572
8,0.0,Health,Łódzkie,0,27251986.56,0.0,27251986.56,27251986.56,0.0,27251986.56,5177877.4464,A8,5177877,5177877
9,0.0,Professional/Scientific,Świętokrzyskie,0,19983182.98,0.0,19983182.98,19983182.98,0.0,19983182.98,3796804.7662,A9,3796805,3796805
10,0.0,Professional/Scientific,Mazowieckie,0,19526897.62,0.0,19526897.62,19526897.62,0.0,19526897.62,3710110.5478000003,A10,3710111,3710111
11,0.0,Wholesale/Retail Trade,Mazowieckie,0,16145806.48,0.0,16145806.48,16145806.48,0.0,16145806.48,3067703.2312000003,A11,3067703,3067703
12,0.0,Wholesale/Retail Trade,Wielkopolskie,0,15689521.12,0.0,15689521.12,15689521.12,0.0,15689521.12,2981009.0127999997,A12,2981009,2981009
13,0.0,Utilities,Łódzkie,0,11712683.96,0.0,11712683.96,11683123.96,0.0,11683123.96,2219793.5524000004,A13,2219794,2219794
14,0.0,Utilities,Śląskie,0,11256398.6,0.0,11256398.6,11231773.299999999,0.0,11231773.299999999,2134036.9269999997,A14,2134037,2134037
15,0.0,Construction,Mazowieckie,0,9715249.92,0.0,9715249.92,9715249.92,0.0,9715249.92,1845897.4848,A15,1845897,1845897
16,0.0,Construction,Małopolskie,0,9258964.56,0.0,9258964.56,9258964.56,0.0,9258964.56,1759203.2664,A16,1759203,1759203
17,0.0,Manufacturing,Mazowieckie,0,8699801.64,0.0,8699801.64,8698801.64,0.0,8698801.64,1652772.3116000001,A17,1652772,1652772
18,0.0,Manufacturing,Mazowieckie,0,8699738.12,0.0,8699738.12,8364545.389999999,0.0,8364545.389999999,1589263.6240999997,A18,1589264,1589264
19,0.0,Construction,Dolnośląskie,0,8699725.65,0.0,8699725.65,8699725.65,0.0,8699725.65,1652947.8735,A19,1652948,1652948
20,0.0,Transportation and Storage,Małopolskie,0,8698383.32,0.0,8698383.32,8698383.32,0.0,8698383.32,1652692.8308,A20,1652693,1652693
21,0.0,Wholesale/Retail Trade,Wielkopolskie,0,8698242.01,0.0,8698242.01,8698242.01,0.0,8698242.01,1652665.9819,A21,1652666,1652666
22,0.0,Utilities,Wielkopolskie,0,8697531.21,0.0,8697531.21,8638311.870000001,0.0,8638311.870000001,1641279.2553000003,A22,1641279,1641279
23,0.0,Construction,Mazowieckie,0,8697300.57,0.0,8697300.57,8080943.350000001,0.0,8080943.350000001,1535379.2365,A23,1535379,1535379
24,0.0,Wholesale/Retail Trade,Świętokrzyskie,0,8694420.08,0.0,8694420.08,8676011.94,0.0,8676011.94,1648442.2685999998,A24,1648442,1648442
25,0.0,Not determined,Świętokrzyskie,0,8694359.17,0.0,8694359.17,8694359.17,0.0,8694359.17,1651928.2423,A25,1651928,1651928
26,0.0,Education,Wielkopolskie,0,8693362.0,0.0,8693362.0,8693062.0,0.0,8693062.0,1651681.78,A26,1651682,1651682
27,0.0,Manufacturing,Łódzkie,0,8693160.03,0.0,8693160.03,8693160.03,0.0,8693160.03,1651700.4057,A27,1651700,1651700
28,0.0,Construction,Śląskie,0,8693003.78,0.0,8693003.78,8693003.78,0.0,8693003.78,1651670.7182,A28,1651671,1651671
29,0.0,Professional/Scientific,Mazowieckie,0,8692862.43,0.0,8692862.43,8692862.43,0.0,8692862.43,1651643.8617,A29,1651644,1651644
30,0.0,Manufacturing,Małopolskie,0,8692204.62,0.0,8692204.62,8522631.399999999,0.0,8522631.399999999,1619299.9659999998,A30,1619300,1619300
31,0.0,Construction,Mazowieckie,0,8691871.43,0.0,8691871.43,8691871.43,0.0,8691871.43,1651455.5717,A31,1651456,1651456
32,0.0,Wholesale/Retail Trade,Mazowieckie,0,8691669.28,0.0,8691669.28,8691669.28,0.0,8691669.28,1651417.1631999998,A32,1651417,1651417
33,0.0,Wholesale/Retail Trade,Mazowieckie,0,8686201.12,0.0,8686201.12,8686201.12,0.0,8686201.12,1650378.2127999999,A33,1650378,1650378
34,0.0,Wholesale/Retail Trade,Mazowieckie,0,8685809.84,0.0,8685809.84,8673752.77,0.0,8673752.77,1648013.0263,A34,1648013,1648013
35,0.0,Not determined,Mazowieckie,0,8685537.34,0.0,8685537.34,8685537.34,0.0,8685537.34,1650252.0946,A35,1650252,1650252
36,0.0,Manufacturing,Małopolskie,0,8685243.63,0.0,8685243.63,8685243.63,0.0,8685243.63,1650196.2897,A36,1650196,1650196
37,0.0,Admin and Support Services,Mazowieckie,0,8684418.65,0.0,8684418.65,8684418.65,0.0,8684418.65,1650039.5435000001,A37,1650040,1650040
38,0.0,Construction,Małopolskie,0,8681645.95,0.0,8681645.95,8681645.95,0.0,8681645.95,1649512.7304999998,A38,1649513,1649513
39,0.0,Wholesale/Retail Trade,Małopolskie,0,8680714.27,0.0,8680714.27,8677731.25,0.0,8677731.25,1648768.9375,A39,1648769,1648769
40,0.0,Health,Małopolskie,0,8680472.34,0.0,8680472.34,8680472.34,0.0,8680472.34,1649289.7446,A40,1649290,1649290
41,0.0,Wholesale/Retail Trade,Dolnośląskie,0,8680323.5,0.0,8680323.5,8680323.5,0.0,8680323.5,1649261.465,A41,1649261,1649261
42,0.0,Wholesale/Retail Trade,Warmińsko-Mazurskie,0,8679652.66,0.0,8679652.66,8679652.66,0.0,8679652.66,1649134.0054000001,A42,1649134,1649134
43,0.0,Not determined,Warmińsko-Mazurskie,0,8679273.77,0.0,8679273.77,8666999.24,0.0,8666999.24,1646729.8556000001,A43,1646730,1646730
44,0.0,Manufacturing,Małopolskie,0,8678381.08,0.0,8678381.08,8678381.08,0.0,8678381.08,1648892.4052,A44,1648892,1648892
45,0.0,Wholesale/Retail Trade,Wielkopolskie,0,8678326.77,0.0,8678326.77,8678326.77,0.0,8678326.77,1648882.0862999998,A45,1648882,1648882
46,0.0,Construction,Śląskie,0,8676372.9,0.0,8676372.9,8676372.9,0.0,8676372.9,1648510.851,A46,1648511,1648511
47,0.0,Wholesale/Retail Trade,Dolnośląskie,0,8676121.97,0.0,8676121.97,8676121.97,0.0,8676121.97,1648463.1743,A47,1648463,1648463
48,0.0,Wholesale/Retail Trade,Dolnośląskie,0,8675080.9,0.0,8675080.9,8675080.9,0.0,8675080.9,1648265.371,A48,1648265,1648265
49,0.0,Not determined,Mazowieckie,0,8674611.8,0.0,8674611.8,8674611.8,0.0,8674611.8,1648176.242,A49,1648176,1648176
50,0.0,Professional/Scientific,Warmińsko-Mazurskie,0,8674169.24,0.0,8674169.24,8674169.24,0.0,8674169.24,1648092.1556000002,A50,1648092,1648092
51,0.0,Wholesale/Retail Trade,Dolnośląskie,0,8674076.61,0.0,8674076.61,8674076.61,0.0,8674076.61,1648074.5558999998,A51,1648075,1648075
52,0.0,Wholesale/Retail Trade,Małopolskie,0,8673602.21,0.0,8673602.21,8649449.58,0.0,8649449.58,1643395.4202,A52,1643395,1643395
53,0.0,Manufacturing,Małopolskie,0,8673079.1,0.0,8673079.1,8673079.1,0.0,8673079.1,1647885.0289999999,A53,1647885,1647885
54,0.0,Other Service Activities,Mazowieckie,0,8672974.13,0.0,8672974.13,8460164.120000001,0.0,8460164.120000001,1607431.1828000003,A54,1607431,1607431
55,0.0,Manufacturing,Mazowieckie,0,8672367.19,0.0,8672367.19,8672367.19,0.0,8672367.19,1647749.7661,A55,1647750,1647750
56,0.0,Manufacturing,Śląskie,0,8671368.47,0.0,8671368.47,8671368.47,0.0,8671368.47,1647560.0093,A56,1647560,1647560
57,0.0,Manufacturing,Łódzkie,0,8671001.55,0.0,8671001.55,8638028.63,0.0,8638028.63,1641225.4397000002,A57,1641225,1641225
58,0.0,Real Estate,Mazowieckie,0,8670872.01,0.0,8670872.01,8670872.01,0.0,8670872.01,1647465.6819,A58,1647466,1647466
59,0.0,Construction,Wielkopolskie,0,8670813.9,0.0,8670813.9,8415992.83,0.0,8415992.83,1599038.6377,A59,1599039,1599039
60,0.0,ICT,Mazowieckie,0,8670599.72,0.0,8670599.72,8670599.72,0.0,8670599.72,1647413.9468,A60,1647414,1647414
61,0.0,Wholesale/Retail Trade,Mazowieckie,0,8670050.83,0.0,8670050.83,8670050.83,0.0,8670050.83,1647309.6577,A61,1647310,1647310
62,0.0,Manufacturing,Małopolskie,0,8669951.09,0.0,8669951.09,7963159.52,0.0,7963159.52,1513000.3088,A62,1513000,1513000
63,0.0,ICT,Mazowieckie,0,8668877.13,0.0,8668877.13,8668877.13,0.0,8668877.13,1647086.6547,A63,1647087,1647087
64,0.0,Real Estate,Śląskie,0,8668550.23,0.0,8668550.23,8668550.23,0.0,8668550.23,1647024.5437,A64,1647025,1647025
65,0.0,Transportation and Storage,Mazowieckie,0,8668382.56,0.0,8668382.56,8668382.56,0.0,8668382.56,1646992.6864,A65,1646993,1646993
66,0.0,Manufacturing,Wielkopolskie,0,8668292.76,0.0,8668292.76,8668292.76,0.0,8668292.76,1646975.6244,A66,1646976,1646976
67,0.0,Admin and Support Services,Dolnośląskie,0,8667340.3,0.0,8667340.3,8667340.3,0.0,8667340.3,1646794.6570000001,A67,1646795,1646795
68,0.0,Wholesale/Retail Trade,Mazowieckie,0,8667325.64,0.0,8667325.64,8667325.64,0.0,8667325.64,1646791.8716000002,A68,1646792,1646792
69,0.0,Wholesale/Retail Trade,Warmińsko-Mazurskie,0,8666919.91,0.0,8666919.91,8666919.91,0.0,8666919.91,1646714.7829,A69,1646715,1646715
70,0.0,Professional/Scientific,Mazowieckie,0,8666708.98,0.0,8666708.98,8664208.98,0.0,8664208.98,1646199.7062000001,A70,1646200,1646200
71,0.0,Wholesale/Retail Trade,Łódzkie,0,8665838.3,0.0,8665838.3,8665838.3,0.0,8665838.3,1646509.2770000002,A71,1646509,1646509
72,0.0,Manufacturing,Dolnośląskie,0,8665309.43,0.0,8665309.43,8643542.81,0.0,8643542.81,1642273.1339,A72,1642273,1642273
73,0.0,Admin and Support Services,Wielkopolskie,0,8665246.96,0.0,8665246.96,8665246.96,0.0,8665246.96,1646396.9224000003,A73,1646397,1646397
74,0.0,Manufacturing,Śląskie,0,8664512.15,0.0,8664512.15,8664512.15,0.0,8664512.15,1646257.3085,A74,1646257,1646257
75,0.0,Wholesale/Retail Trade,Mazowieckie,0,8664387.96,0.0,8664387.96,8664387.96,0.0,8664387.96,1646233.7124,A75,1646234,1646234
76,0.0,Wholesale/Retail Trade,Dolnośląskie,0,8664305.51,0.0,8664305.51,8664305.51,0.0,8664305.51,1646218.0469,A76,1646218,1646218
77,0.0,Manufacturing,Wielkopolskie,0,8664114.57,0.0,8664114.57,8664114.57,0.0,8664114.57,1646181.7683,A77,1646182,1646182
78,0.0,Wholesale/Retail Trade,Małopolskie,0,8663945.51,0.0,8663945.51,8663945.51,0.0,8663945.51,1646149.6469,A78,1646150,1646150
79,0.0,Wholesale/Retail Trade,Mazowieckie,0,8663775.29,0.0,8663775.29,8561924.18,0.0,8561924.18,1626765.5942,A79,1626766,1626766
80,0.0,Manufacturing,Małopolskie,0,8663579.18,0.0,8663579.18,8602326.9,0.0,8602326.9,1634442.111,A80,1634442,1634442
81,0.0,Manufacturing,Mazowieckie,0,8663338.05,0.0,8663338.05,8663338.05,0.0,8663338.05,1646034.2295000001,A81,1646034,1646034
82,0.0,Real Estate,Mazowieckie,0,8662989.15,0.0,8662989.15,8432556.98,0.0,8432556.98,1602185.8262,A82,1602186,1602186
83,0.0,Professional/Scientific,Dolnośląskie,0,8662580.09,0.0,8662580.09,8662580.09,0.0,8662580.09,1645890.2171,A83,1645890,1645890
84,0.0,Not determined,Mazowieckie,0,8661546.39,0.0,8661546.39,8661546.39,0.0,8661546.39,1645693.8141,A84,1645694,1645694
85,0.0,Wholesale/Retail Trade,Mazowieckie,0,8661522.22,0.0,8661522.22,8661522.22,0.0,8661522.22,1645689.2218000002,A85,1645689,1645689
86,0.0,Hotels and Restaurants,Mazowieckie,0,8661201.53,0.0,8661201.53,8661201.53,0.0,8661201.53,1645628.2906999998,A86,1645628,1645628
87,0.0,Manufacturing,Małopolskie,0,8660204.59,0.0,8660204.59,403927.7400000002,0.0,403927.7400000002,76746.27060000005,A87,76746,76746
88,0.0,Not determined,Małopolskie,0,8659913.5,0.0,8659913.5,8659913.5,0.0,8659913.5,1645383.565,A88,1645384,1645384
89,0.0,Wholesale/Retail Trade,Warmińsko-Mazurskie,0,8658507.36,0.0,8658507.36,8658507.36,0.0,8658507.36,1645116.3983999998,A89,1645116,1645116
90,0.0,Manufacturing,Mazowieckie,0,8657544.83,0.0,8657544.83,8657544.83,0.0,8657544.83,1644933.5177,A90,1644934,1644934
91,0.0,Finance,Mazowieckie,0,8657262.15,0.0,8657262.15,8657262.15,0.0,8657262.15,1644879.8085,A91,1644880,1644880
92,0.0,Manufacturing,Dolnośląskie,0,8656598.14,0.0,8656598.14,8656598.14,0.0,8656598.14,1644753.6466,A92,1644754,1644754
93,0.0,Manufacturing,Wielkopolskie,0,8655875.39,0.0,8655875.39,8655875.39,0.0,8655875.39,1644616.3241,A93,1644616,1644616
94,0.0,Other Service Activities,Łódzkie,0,8654673.58,0.0,8654673.58,8654673.58,0.0,8654673.58,1644387.9802,A94,1644388,1644388
95,0.0,Health,Dolnośląskie,0,8653648.82,0.0,8653648.82,8653648.82,0.0,8653648.82,1644193.2758000002,A95,1644193,1644193
96,0.0,Wholesale/Retail Trade,Śląskie,0,8653610.61,0.0,8653610.61,8653610.61,0.0,8653610.61,1644186.0159,A96,1644186,1644186
97,0.0,Other Service Activities,Mazowieckie,0,8653484.2,0.0,8653484.2,8653484.2,0.0,8653484.2,1644161.998,A97,1644162,1644162
98,0.0,Wholesale/Retail Trade,Mazowieckie,0,8652361.01,0.0,8652361.01,8652361.01,0.0,8652361.01,1643948.5918999999,A98,1643949,1643949
99,0.0,Manufacturing,Mazowieckie,0,8652038.23,0.0,8652038.23,8652038.23,0.0,8652038.23,1643887.2637,A99,1643887,1643887
100,0.0,Manufacturing,Mazowieckie,0,8651651.11,0.0,8651651.11,8651651.11,0.0,8651651.11,1643813.7108999998,A100,1643814,1643814
101,0.0,Manufacturing,Dolnośląskie,0,8651466.06,0.0,8651466.06,8651466.06,0.0,8651466.06,1643778.5514000002,A101,1643779,1643779
102,0.0,Wholesale/Retail Trade,Dolnośląskie,0,8651319.06,0.0,8651319.06,8651319.06,0.0,8651319.06,1643750.6214,A102,1643751,1643751
103,0.0,Real Estate,Mazowieckie,0,8651122.27,0.0,8651122.27,8239336.899999999,0.0,8239336.899999999,1565474.011,A103,1565474,1565474
104,0.0,Manufacturing,Wielkopolskie,0,8650282.12,0.0,8650282.12,8650282.12,0.0,8650282.12,1643553.6027999998,A104,1643554,1643554
105,0.0,Manufacturing,Śląskie,0,8650138.6,0.0,8650138.6,8647638.6,0.0,8647638.6,1643051.334,A105,1643051,1643051
106,0.0,Wholesale/Retail Trade,Wielkopolskie,0,8649109.86,0.0,8649109.86,8649109.86,0.0,8649109.86,1643330.8734,A106,1643331,1643331
107,0.0,Manufacturing,Mazowieckie,0,8649004.5,0.0,8649004.5,8649004.5,0.0,8649004.5,1643310.855,A107,1643311,1643311
108,0.0,Wholesale/Retail Trade,Małopolskie,0,8648651.72,0.0,8648651.72,8648651.72,0.0,8648651.72,1643243.8268000002,A108,1643244,1643244
109,0.0,Wholesale/Retail Trade,Śląskie,0,8648646.76,0.0,8648646.76,8648646.76,0.0,8648646.76,1643242.8843999999,A109,1643243,1643243
110,0.0,Not determined,Mazowieckie,0,8648557.13,0.0,8648557.13,8648557.13,0.0,8648557.13,1643225.8547000003,A110,1643226,1643226
111,0.0,Utilities,Warmińsko-Mazurskie,0,8648516.98,0.0,8648516.98,8648516.98,0.0,8648516.98,1643218.2262000002,A111,1643218,1643218
112,0.0,ICT,Dolnośląskie,0,8648307.18,0.0,8648307.18,8647807.18,0.0,8647807.18,1643083.3642,A112,1643083,1643083
113,0.0,Entertainment,Kujawsko-Pomorskie,0,8648287.71,0.0,8648287.71,8648287.71,0.0,8648287.71,1643174.6649000002,A113,1643175,1643175
114,0.0,Professional/Scientific,Dolnośląskie,0,8647700.72,0.0,8647700.72,8647700.72,0.0,8647700.72,1643063.1368000002,A114,1643063,1643063
115,0.0,Not determined,Mazowieckie,0,8647486.16,0.0,8647486.16,8647486.16,0.0,8647486.16,1643022.3704000001,A115,1643022,1643022
116,0.0,Manufacturing,Wielkopolskie,0,8646667.28,0.0,8646667.28,8618576.11,0.0,8618576.11,1637529.4608999998,A116,1637529,1637529
117,0.0,Manufacturing,Śląskie,0,8646319.49,0.0,8646319.49,8177320.23,50176.38,8127143.850000001,1544157.3315,A117,1544157,1544157
118,0.0,Wholesale/Retail Trade,Mazowieckie,0,8646032.67,0.0,8646032.67,8646032.67,0.0,8646032.67,1642746.2073,A118,1642746,1642746
119,0.0,Not determined,Kujawsko-Pomorskie,0,8645974.13,0.0,8645974.13,8645974.13,0.0,8645974.13,1642735.0847000002,A119,1642735,1642735
120,0.0,ICT,Mazowieckie,0,8645966.64,0.0,8645966.64,8601966.64,0.0,8601966.64,1634373.6616000002,A120,1634374,1634374
121,0.0,Real Estate,Kujawsko-Pomorskie,0,8645734.33,0.0,8645734.33,8645734.33,0.0,8645734.33,1642689.5227,A121,1642690,1642690
122,0.0,Utilities,Dolnośląskie,0,8645067.54,0.0,8645067.54,8645067.54,0.0,8645067.54,1642562.8325999998,A122,1642563,1642563
123,0.0,Utilities,Małopolskie,0,8644750.35,0.0,8644750.35,8644750.35,0.0,8644750.35,1642502.5665,A123,1642503,1642503
124,0.0,Construction,Wielkopolskie,0,8644044.58,0.0,8644044.58,8644044.58,0.0,8644044.58,1642368.4702,A124,1642368,1642368
125,0.0,Professional/Scientific,Wielkopolskie,0,8643310.38,0.0,8643310.38,8643310.38,0.0,8643310.38,1642228.9722000002,A125,1642229,1642229
126,0.0,Construction,Wielkopolskie,0,8642796.19,0.0,8642796.19,8642796.19,0.0,8642796.19,1642131.2761,A126,1642131,1642131
127,0.0,Entertainment,Wielkopolskie,0,8641140.7,0.0,8641140.7,8641140.7,0.0,8641140.7,1641816.7329999998,A127,1641817,1641817
128,0.0,Not determined,Śląskie,0,8639245.93,0.0,8639245.93,8619245.93,0.0,8619245.93,1637656.7267,A128,1637657,1637657
129,0.0,Utilities,Mazowieckie,0,8638864.42,0.0,8638864.42,8580889.32,0.0,8580889.32,1630368.9708,A129,1630369,1630369
130,0.0,Wholesale/Retail Trade,Warmińsko-Mazurskie,0,8638487.07,0.0,8638487.07,8638487.07,0.0,8638487.07,1641312.5433,A130,1641313,1641313
131,0.0,Wholesale/Retail Trade,Mazowieckie,0,8637979.96,0.0,8637979.96,8637979.96,0.0,8637979.96,1641216.1924000003,A131,1641216,1641216
132,0.0,Real Estate,Wielkopolskie,0,8637850.68,0.0,8637850.68,8637850.68,0.0,8637850.68,1641191.6291999999,A132,1641192,1641192
133,0.0,Wholesale/Retail Trade,Mazowieckie,0,8637677.74,0.0,8637677.74,8637677.74,0.0,8637677.74,1641158.7706000002,A133,1641159,1641159
134,0.0,Admin and Support Services,Małopolskie,0,8637373.72,0.0,8637373.72,8637373.72,0.0,8637373.72,1641101.0068,A134,1641101,1641101
135,0.0,Manufacturing,Wielkopolskie,0,8637359.4,0.0,8637359.4,8249364.86,0.0,8249364.86,1567379.3234,A135,1567379,1567379
136,0.0,Wholesale/Retail Trade,Mazowieckie,0,8636156.16,0.0,8636156.16,8636156.16,0.0,8636156.16,1640869.6704,A136,1640870,1640870
137,0.0,Not determined,Małopolskie,0,8635778.77,0.0,8635778.77,8635778.77,0.0,8635778.77,1640797.9663,A137,1640798,1640798
138,0.0,Manufacturing,Wielkopolskie,0,8635706.43,0.0,8635706.43,8635706.43,0.0,8635706.43,1640784.2216999999,A138,1640784,1640784
139,0.0,Health,Małopolskie,0,8635029.95,0.0,8635029.95,8635029.95,0.0,8635029.95,1640655.6904999998,A139,1640656,1640656
140,0.0,Education,Mazowieckie,0,8634861.87,0.0,8634861.87,8613825.02,0.0,8613825.02,1636626.7537999998,A140,1636627,1636627
141,0.0,Not determined,Kujawsko-Pomorskie,0,8634054.82,0.0,8634054.82,8634054.82,0.0,8634054.82,1640470.4158,A141,1640470,1640470
142,0.0,Wholesale/Retail Trade,Mazowieckie,0,8633564.7,0.0,8633564.7,8633564.7,0.0,8633564.7,1640377.2929999998,A142,1640377,1640377
143,0.0,Wholesale/Retail Trade,Opolskie,0,8633543.18,0.0,8633543.18,8633543.18,0.0,8633543.18,1640373.2042,A143,1640373,1640373
144,0.0,Construction,Opolskie,0,8633343.32,0.0,8633343.32,8633343.32,0.0,8633343.32,1640335.2308,A144,1640335,1640335
145,0.0,Wholesale/Retail Trade,Śląskie,0,8632999.99,0.0,8632999.99,8632999.99,0.0,8632999.99,1640269.9981,A145,1640270,1640270
146,0.0,Wholesale/Retail Trade,Małopolskie,0,8632199.19,0.0,8632199.19,8632199.19,0.0,8632199.19,1640117.8461,A146,1640118,1640118
147,0.0,Construction,Kujawsko-Pomorskie,0,8631732.37,0.0,8631732.37,7410491.699999999,0.0,7410491.699999999,1407993.423,A147,1407993,1407993
148,0.0,Wholesale/Retail Trade,Opolskie,0,8631355.58,0.0,8631355.58,8631355.58,0.0,8631355.58,1639957.5602,A148,1639958,1639958
149,0.0,Real Estate,Opolskie,0,8631251.11,0.0,8631251.11,8619569.09,0.0,8619569.09,1637718.1271,A149,1637718,1637718
150,0.0,Professional/Scientific,Kujawsko-Pomorskie,0,8631040.76,0.0,8631040.76,8566669.15,0.0,8566669.15,1627667.1385000001,A150,1627667,1627667
151,0.0,Construction,Kujawsko-Pomorskie,0,8630456.54,0.0,8630456.54,8630456.54,0.0,8630456.54,1639786.7425999998,A151,1639787,1639787
152,0.0,Not determined,Kujawsko-Pomorskie,0,8630201.77,0.0,8630201.77,8630201.77,0.0,8630201.77,1639738.3362999998,A152,1639738,1639738
153,0.0,Wholesale/Retail Trade,Podkarpackie,0,8629869.79,0.0,8629869.79,8629869.79,0.0,8629869.79,1639675.2600999998,A153,1639675,1639675
154,0.0,Construction,Łódzkie,0,8629281.39,0.0,8629281.39,8629281.39,0.0,8629281.39,1639563.4641000002,A154,1639563,1639563
155,0.0,Not determined,Podkarpackie,0,8628889.22,0.0,8628889.22,8447639.22,0.0,8447639.22,1605051.4518000002,A155,1605051,1605051
156,0.0,Other Service Activities,Podkarpackie,0,8628587.7,0.0,8628587.7,8628587.7,0.0,8628587.7,1639431.663,A156,1639432,1639432
157,0.0,Wholesale/Retail Trade,Dolnośląskie,0,8628096.58,0.0,8628096.58,8628096.58,0.0,8628096.58,1639338.3502,A157,1639338,1639338
158,0.0,Not determined,Małopolskie,0,8628091.17,0.0,8628091.17,8628091.17,0.0,8628091.17,1639337.3223,A158,1639337,1639337
159,0.0,Wholesale/Retail Trade,Podkarpackie,0,8627781.44,0.0,8627781.44,8388429.279999999,0.0,8388429.279999999,1593801.5632,A159,1593802,1593802
160,0.0,Construction,Kujawsko-Pomorskie,0,8627767.89,0.0,8627767.89,8627767.89,0.0,8627767.89,1639275.8991,A160,1639276,1639276
161,0.0,Not determined,Wielkopolskie,0,8627195.76,0.0,8627195.76,8627195.76,0.0,8627195.76,1639167.1944,A161,1639167,1639167
162,0.0,Real Estate,Podkarpackie,0,8626616.89,0.0,8626616.89,8626616.89,0.0,8626616.89,1639057.2091,A162,1639057,1639057
163,0.0,Wholesale/Retail Trade,Małopolskie,0,8626583.62,0.0,8626583.62,8626583.62,0.0,8626583.62,1639050.8878,A163,1639051,1639051
164,0.0,Utilities,Mazowieckie,0,8626380.08,0.0,8626380.08,8626380.08,0.0,8626380.08,1639012.2152,A164,1639012,1639012
165,0.0,Manufacturing,Łódzkie,0,8626377.69,0.0,8626377.69,8626377.69,0.0,8626377.69,1639011.7611,A165,1639012,1639012
166,0.0,Not determined,Podkarpackie,0,8626322.56,0.0,8626322.56,8626322.56,0.0,8626322.56,1639001.2864,A166,1639001,1639001
167,0.0,Not determined,Podkarpackie,0,8625156.02,0.0,8625156.02,8625156.02,0.0,8625156.02,1638779.6438,A167,1638780,1638780
168,0.0,Construction,Wielkopolskie,0,8625145.78,0.0,8625145.78,8625145.78,0.0,8625145.78,1638777.6982,A168,1638778,1638778
169,0.0,Not determined,Kujawsko-Pomorskie,0,8625108.18,0.0,8625108.18,8625108.18,0.0,8625108.18,1638770.5542,A169,1638771,1638771
170,0.0,Wholesale/Retail Trade,Warmińsko-Mazurskie,0,8624289.66,0.0,8624289.66,8624289.66,0.0,8624289.66,1638615.0354,A170,1638615,1638615
171,0.0,Utilities,Wielkopolskie,0,8624084.29,0.0,8624084.29,8624084.29,0.0,8624084.29,1638576.0151,A171,1638576,1638576
172,0.0,Finance,Łódzkie,0,8623740.84,0.0,8623740.84,8621946.82,0.0,8621946.82,1638169.8958,A172,1638170,1638170
173,0.0,Wholesale/Retail Trade,Mazowieckie,0,8623175.43,0.0,8623175.43,8623175.43,0.0,8623175.43,1638403.3317,A173,1638403,1638403
174,0.0,Health,Podkarpackie,0,8622991.12,0.0,8622991.12,8622991.12,0.0,8622991.12,1638368.3128,A174,1638368,1638368
175,0.0,Hotels and Restaurants,Mazowieckie,0,8622492.42,0.0,8622492.42,8622492.42,0.0,8622492.42,1638273.5598,A175,1638274,1638274
176,0.0,ICT,Podkarpackie,0,8621902.05,0.0,8621902.05,8621902.05,0.0,8621902.05,1638161.3895,A176,1638161,1638161
177,0.0,Not determined,Śląskie,0,8621093.59,0.0,8621093.59,8621093.59,0.0,8621093.59,1638007.7821,A177,1638008,1638008
178,0.0,Manufacturing,Wielkopolskie,0,8620885.35,0.0,8620885.35,8620885.35,0.0,8620885.35,1637968.2164999999,A178,1637968,1637968
179,0.0,Transportation and Storage,Mazowieckie,0,8620573.39,0.0,8620573.39,8620573.39,0.0,8620573.39,1637908.9441000002,A179,1637909,1637909
180,0.0,Utilities,Śląskie,0,8620465.06,0.0,8620465.06,8620465.06,0.0,8620465.06,1637888.3614,A180,1637888,1637888
181,0.0,ICT,Podkarpackie,0,8620270.79,0.0,8620270.79,8620270.79,0.0,8620270.79,1637851.4500999998,A181,1637851,1637851
182,0.0,Transportation and Storage,Małopolskie,0,8619644.74,0.0,8619644.74,8619644.74,0.0,8619644.74,1637732.5006000001,A182,1637733,1637733
183,0.0,Agriculture,Dolnośląskie,0,8619575.44,0.0,8619575.44,8217115.709999999,0.0,8217115.709999999,1561251.9848999998,A183,1561252,1561252
184,0.0,Other Service Activities,Dolnośląskie,0,8619318.05,0.0,8619318.05,8619318.05,0.0,8619318.05,1637670.4295,A184,1637670,1637670
185,0.0,Real Estate,Łódzkie,0,8618798.92,0.0,8618798.92,8618798.92,0.0,8618798.92,1637571.7948,A185,1637572,1637572
186,0.0,Health,Mazowieckie,0,8618548.09,0.0,8618548.09,8618548.09,0.0,8618548.09,1637524.1371,A186,1637524,1637524
187,0.0,Finance,Podkarpackie,0,8618283.59,0.0,8618283.59,8618283.59,0.0,8618283.59,1637473.8821,A187,1637474,1637474
188,0.0,Wholesale/Retail Trade,Podkarpackie,0,8616643.67,0.0,8616643.67,8616643.67,0.0,8616643.67,1637162.2973,A188,1637162,1637162
189,0.0,Transportation and Storage,Mazowieckie,0,8616504.33,0.0,8616504.33,8616504.33,0.0,8616504.33,1637135.8227000001,A189,1637136,1637136
190,0.0,Manufacturing,Wielkopolskie,0,8614654.77,0.0,8614654.77,8614654.77,0.0,8614654.77,1636784.4063,A190,1636784,1636784
191,0.0,Manufacturing,Podkarpackie,0,8614350.48,0.0,8614350.48,8614350.48,0.0,8614350.48,1636726.5912000001,A191,1636727,1636727
192,0.0,Wholesale/Retail Trade,Kujawsko-Pomorskie,0,8614325.04,0.0,8614325.04,8237997.679999999,0.0,8237997.679999999,1565219.5591999998,A192,1565220,1565220
193,0.0,Manufacturing,Podkarpackie,0,8614263.82,0.0,8614263.82,8614263.82,0.0,8614263.82,1636710.1258,A193,1636710,1636710
194,0.0,Hotels and Restaurants,Zachodniopomorskie,0,8613505.87,0.0,8613505.87,8613505.87,0.0,8613505.87,1636566.1153,A194,1636566,1636566
195,0.0,Wholesale/Retail Trade,Zachodniopomorskie,0,8613390.4,0.0,8613390.4,8177769.590000001,0.0,8177769.590000001,1553776.2221000001,A195,1553776,1553776
196,0.0,Wholesale/Retail Trade,Podkarpackie,0,8613270.17,0.0,8613270.17,8613270.17,0.0,8613270.17,1636521.3323,A196,1636521,1636521
197,0.0,Wholesale/Retail Trade,Podkarpackie,0,8613195.19,0.0,8613195.19,8613195.19,0.0,8613195.19,1636507.0861,A197,1636507,1636507
198,0.0,Construction,Śląskie,0,8613145.35,0.0,8613145.35,8613145.35,0.0,8613145.35,1636497.6165,A198,1636498,1636498
199,0.0,Manufacturing,Mazowieckie,0,8613115.36,0.0,8613115.36,8613115.36,0.0,8613115.36,1636491.9183999998,A199,1636492,1636492
200,0.0,Transportation and Storage,Podkarpackie,0,8613005.88,0.0,8613005.88,8608845.100000001,0.0,8608845.100000001,1635680.5690000004,A200,1635681,1635681
201,0.0,Wholesale/Retail Trade,Kujawsko-Pomorskie,0,8612417.09,0.0,8612417.09,8438245.89,0.0,8438245.89,1603266.7191,A201,1603267,1603267
202,0.0,Manufacturing,Wielkopolskie,0,8612392.14,0.0,8612392.14,8612392.14,0.0,8612392.14,1636354.5066000002,A202,1636355,1636355
203,0.0,Not determined,Mazowieckie,0,8612211.39,0.0,8612211.39,8612211.39,0.0,8612211.39,1636320.1641000002,A203,1636320,1636320
204,0.0,Admin and Support Services,Zachodniopomorskie,0,8611914.38,0.0,8611914.38,8236597.160000001,0.0,8236597.160000001,1564953.4604000002,A204,1564953,1564953
205,0.0,Manufacturing,Łódzkie,0,8611893.0,0.0,8611893.0,8611893.0,0.0,8611893.0,1636259.67,A205,1636260,1636260
206,0.0,Not determined,Mazowieckie,0,8611478.68,0.0,8611478.68,8005857.649999999,0.0,8005857.649999999,1521112.9534999998,A206,1521113,1521113
207,0.0,Manufacturing,Mazowieckie,0,8609819.71,0.0,8609819.71,8609819.71,0.0,8609819.71,1635865.7449000003,A207,1635866,1635866
208,0.0,Not determined,Śląskie,0,8609579.69,0.0,8609579.69,8609579.69,0.0,8609579.69,1635820.1411,A208,1635820,1635820
209,0.0,Education,Zachodniopomorskie,0,8609140.64,0.0,8609140.64,8609140.64,0.0,8609140.64,1635736.7216,A209,1635737,1635737
210,0.0,Not determined,Dolnośląskie,0,8609081.07,0.0,8609081.07,8609081.07,0.0,8609081.07,1635725.4033000001,A210,1635725,1635725
211,0.0,Wholesale/Retail Trade,Mazowieckie,0,8608318.03,0.0,8608318.03,8594713.54,0.0,8594713.54,1632995.5725999998,A211,1632996,1632996
212,0.0,Manufacturing,Kujawsko-Pomorskie,0,8608176.11,0.0,8608176.11,8608176.11,0.0,8608176.11,1635553.4608999998,A212,1635553,1635553
213,0.0,Real Estate,Wielkopolskie,0,8607806.37,0.0,8607806.37,8577806.37,0.0,8577806.37,1629783.2103,A213,1629783,1629783
214,0.0,Admin and Support Services,Podkarpackie,0,8607162.52,0.0,8607162.52,8607162.52,0.0,8607162.52,1635360.8787999998,A214,1635361,1635361
215,0.0,Wholesale/Retail Trade,Podkarpackie,0,8606615.01,0.0,8606615.01,8445882.36,0.0,8445882.36,1604717.6483999998,A215,1604718,1604718
216,0.0,Manufacturing,Mazowieckie,0,8606078.27,0.0,8606078.27,8606078.27,0.0,8606078.27,1635154.8713,A216,1635155,1635155
217,0.0,Wholesale/Retail Trade,Kujawsko-Pomorskie,0,8605997.0,0.0,8605997.0,8605997.0,0.0,8605997.0,1635139.43,A217,1635139,1635139
218,0.0,Admin and Support Services,Podlaskie,0,8605335.03,0.0,8605335.03,8401144.059999999,0.0,8401144.059999999,1596217.3713999998,A218,1596217,1596217
219,0.0,Wholesale/Retail Trade,Mazowieckie,0,8604172.06,0.0,8604172.06,8590705.020000001,0.0,8590705.020000001,1632233.9538000003,A219,1632234,1632234
220,0.0,Manufacturing,Zachodniopomorskie,0,8602686.39,0.0,8602686.39,8023342.390000001,0.0,8023342.390000001,1524435.0541,A220,1524435,1524435
221,0.0,Admin and Support Services,Podlaskie,0,8602296.28,0.0,8602296.28,8602296.28,0.0,8602296.28,1634436.2932,A221,1634436,1634436
222,0.0,Admin and Support Services,Podlaskie,0,8602219.55,0.0,8602219.55,8602219.55,0.0,8602219.55,1634421.7145000002,A222,1634422,1634422
223,0.0,Wholesale/Retail Trade,Śląskie,0,8601995.57,0.0,8601995.57,8575746.040000001,0.0,8575746.040000001,1629391.7476000001,A223,1629392,1629392
224,0.0,Wholesale/Retail Trade,Warmińsko-Mazurskie,0,8601941.82,0.0,8601941.82,8601941.82,0.0,8601941.82,1634368.9458,A224,1634369,1634369
225,0.0,Wholesale/Retail Trade,Mazowieckie,0,8601817.33,0.0,8601817.33,8601817.33,0.0,8601817.33,1634345.2927,A225,1634345,1634345
226,0.0,Wholesale/Retail Trade,Podlaskie,0,8600741.13,0.0,8600741.13,8600741.13,0.0,8600741.13,1634140.8147000002,A226,1634141,1634141
227,0.0,Transportation and Storage,Mazowieckie,0,8600334.15,0.0,8600334.15,8600334.15,0.0,8600334.15,1634063.4885,A227,1634063,1634063
228,0.0,Wholesale/Retail Trade,Podlaskie,0,8599603.76,0.0,8599603.76,8599603.76,0.0,8599603.76,1633924.7144,A228,1633925,1633925
229,0.0,Manufacturing,Dolnośląskie,0,8598384.2,0.0,8598384.2,8598384.2,0.0,8598384.2,1633692.998,A229,1633693,1633693
230,0.0,Utilities,Śląskie,0,8598168.34,0.0,8598168.34,8596168.34,0.0,8596168.34,1633271.9846,A230,1633272,1633272
231,0.0,Real Estate,Zachodniopomorskie,0,8598069.72,0.0,8598069.72,8598069.72,0.0,8598069.72,1633633.2468,A231,1633633,1633633
232,0.0,Real Estate,Mazowieckie,0,8597862.66,0.0,8597862.66,8597862.66,0.0,8597862.66,1633593.9054,A232,1633594,1633594
233,0.0,Professional/Scientific,Kujawsko-Pomorskie,0,8597755.21,0.0,8597755.21,8597755.21,0.0,8597755.21,1633573.4899000002,A233,1633573,1633573
234,0.0,Real Estate,Podlaskie,0,8597655.91,0.0,8597655.91,7713521.05,0.0,7713521.05,1465568.9995,A234,1465569,1465569
235,0.0,Transportation and Storage,Kujawsko-Pomorskie,0,8597381.97,0.0,8597381.97,8597381.97,0.0,8597381.97,1633502.5743000002,A235,1633503,1633503
236,0.0,Wholesale/Retail Trade,Mazowieckie,0,8597095.33,0.0,8597095.33,8597095.33,0.0,8597095.33,1633448.1127,A236,1633448,1633448
237,0.0,Health,Mazowieckie,0,8596533.72,0.0,8596533.72,8596533.72,0.0,8596533.72,1633341.4068000002,A237,1633341,1633341
238,0.0,Wholesale/Retail Trade,Warmińsko-Mazurskie,0,8595042.65,0.0,8595042.65,8595042.65,0.0,8595042.65,1633058.1035000002,A238,1633058,1633058
239,0.0,Finance,Wielkopolskie,0,8594666.1,0.0,8594666.1,8594666.1,0.0,8594666.1,1632986.559,A239,1632987,1632987
240,0.0,Admin and Support Services,Śląskie,0,8594288.75,0.0,8594288.75,8257158.12,0.0,8257158.12,1568860.0428,A240,1568860,1568860
241,0.0,Wholesale/Retail Trade,Mazowieckie,0,8594280.44,0.0,8594280.44,8594280.44,0.0,8594280.44,1632913.2836,A241,1632913,1632913
242,0.0,Admin and Support Services,Podlaskie,0,8594128.46,0.0,8594128.46,8594128.46,0.0,8594128.46,1632884.4074000001,A242,1632884,1632884
243,0.0,Professional/Scientific,Podlaskie,0,8593521.42,0.0,8593521.42,8593521.42,0.0,8593521.42,1632769.0698,A243,1632769,1632769
244,0.0,Wholesale/Retail Trade,Podlaskie,0,8593511.39,0.0,8593511.39,8593511.39,0.0,8593511.39,1632767.1641000002,A244,1632767,1632767
245,0.0,Health,Mazowieckie,0,8592916.8,0.0,8592916.8,8592916.8,0.0,8592916.8,1632654.1920000003,A245,1632654,1632654
246,0.0,Wholesale/Retail Trade,Warmińsko-Mazurskie,0,8592890.27,0.0,8592890.27,8561618.61,0.0,8561618.61,1626707.5359,A246,1626708,1626708
247,0.0,Construction,Podlaskie,0,8592772.96,0.0,8592772.96,8592772.96,0.0,8592772.96,1632626.8624000002,A247,1632627,1632627
248,0.0,Wholesale/Retail Trade,Mazowieckie,0,8592511.25,0.0,8592511.25,8592511.25,0.0,8592511.25,1632577.1375,A248,1632577,1632577
249,0.0,Manufacturing,Wielkopolskie,0,8592366.45,0.0,8592366.45,8592366.45,0.0,8592366.45,1632549.6254999998,A249,1632550,1632550
250,0.0,Professional/Scientific,Mazowieckie,0,8592324.88,0.0,8592324.88,8592324.88,0.0,8592324.88,1632541.7272,A250,1632542,1632542
251,0.0,Construction,Mazowieckie,0,8592134.26,0.0,8592134.26,8592134.26,0.0,8592134.26,1632505.5093999999,A251,1632506,1632506
252,0.0,ICT,Wielkopolskie,0,8591446.87,0.0,8591446.87,8576446.87,0.0,8576446.87,1629524.9052999998,A252,1629525,1629525
253,0.0,Construction,Pomorskie,0,8589880.88,0.0,8589880.88,8354864.660000001,0.0,8354864.660000001,1587424.2854000002,A253,1587424,1587424
254,0.0,Health,Pomorskie,0,8589592.81,0.0,8589592.81,8589592.81,0.0,8589592.81,1632022.6339,A254,1632023,1632023
255,0.0,Hotels and Restaurants,Pomorskie,0,8589494.74,0.0,8589494.74,8589494.74,0.0,8589494.74,1632004.0006000001,A255,1632004,1632004
256,0.0,Real Estate,Wielkopolskie,0,8589084.67,0.0,8589084.67,8589084.67,0.0,8589084.67,1631926.0873,A256,1631926,1631926
257,0.0,Wholesale/Retail Trade,Lubelskie,0,8588809.61,0.0,8588809.61,8588809.61,0.0,8588809.61,1631873.8258999998,A257,1631874,1631874
258,0.0,Not determined,Mazowieckie,0,8587977.1,0.0,8587977.1,8587977.1,0.0,8587977.1,1631715.649,A258,1631716,1631716
259,0.0,Manufacturing,Śląskie,0,8587754.51,0.0,8587754.51,8587754.51,0.0,8587754.51,1631673.3569,A259,1631673,1631673
260,0.0,Manufacturing,Pomorskie,0,8587666.13,0.0,8587666.13,8587666.13,0.0,8587666.13,1631656.5647000002,A260,1631657,1631657
261,0.0,Not determined,Łódzkie,0,8587517.84,0.0,8587517.84,8587517.84,0.0,8587517.84,1631628.3895999999,A261,1631628,1631628
262,0.0,Wholesale/Retail Trade,Pomorskie,0,8587467.08,0.0,8587467.08,8340044.8,0.0,8340044.8,1584608.5119999999,A262,1584609,1584609
263,0.0,Construction,Wielkopolskie,0,8587116.11,0.0,8587116.11,8587116.11,0.0,8587116.11,1631552.0609,A263,1631552,1631552
264,0.0,Not determined,Wielkopolskie,0,8586747.35,0.0,8586747.35,8465408.76,0.0,8465408.76,1608427.6644,A264,1608428,1608428
265,0.0,Wholesale/Retail Trade,Pomorskie,0,8586716.91,0.0,8586716.91,8586716.91,0.0,8586716.91,1631476.2129000002,A265,1631476,1631476
266,0.0,Finance,Mazowieckie,0,8586317.17,0.0,8586317.17,8586317.17,0.0,8586317.17,1631400.2623,A266,1631400,1631400
267,0.0,Utilities,Warmińsko-Mazurskie,0,8585780.43,0.0,8585780.43,8585780.43,0.0,8585780.43,1631298.2817,A267,1631298,1631298
268,0.0,ICT,Zachodniopomorskie,0,8585426.98,0.0,8585426.98,8383042.91,0.0,8383042.91,1592778.1529,A268,1592778,1592778
269,0.0,Utilities,Mazowieckie,0,8585285.38,0.0,8585285.38,8585285.38,0.0,8585285.38,1631204.2222000002,A269,1631204,1631204
270,0.0,Real Estate,Mazowieckie,0,8585061.87,0.0,8585061.87,8585061.87,0.0,8585061.87,1631161.7552999998,A270,1631162,1631162
271,0.0,Wholesale/Retail Trade,Pomorskie,0,8584702.37,0.0,8584702.37,8584702.37,0.0,8584702.37,1631093.4503,A271,1631093,1631093
272,0.0,Not determined,Zachodniopomorskie,0,8584153.2,0.0,8584153.2,8584153.2,0.0,8584153.2,1630989.1079999998,A272,1630989,1630989
273,0.0,Professional/Scientific,Pomorskie,0,8584053.61,0.0,8584053.61,8584053.61,0.0,8584053.61,1630970.1859,A273,1630970,1630970
274,0.0,Real Estate,Wielkopolskie,0,8583957.6,0.0,8583957.6,8583957.6,0.0,8583957.6,1630951.944,A274,1630952,1630952
275,0.0,Not determined,Pomorskie,0,8583385.74,0.0,8583385.74,8583385.74,0.0,8583385.74,1630843.2906,A275,1630843,1630843
276,0.0,Mining and Quarrying,Małopolskie,0,8583350.44,0.0,8583350.44,8203218.43,0.0,8203218.43,1558611.5017,A276,1558612,1558612
277,0.0,Manufacturing,Lubelskie,0,8583019.15,0.0,8583019.15,8583019.15,0.0,8583019.15,1630773.6385000001,A277,1630774,1630774
278,0.0,Transportation and Storage,Mazowieckie,0,8582182.24,0.0,8582182.24,8582182.24,0.0,8582182.24,1630614.6256000001,A278,1630615,1630615
279,0.0,Wholesale/Retail Trade,Pomorskie,0,8582121.99,0.0,8582121.99,8582121.99,0.0,8582121.99,1630603.1781000001,A279,1630603,1630603
280,0.0,Not determined,Wielkopolskie,0,8581994.66,0.0,8581994.66,8581994.66,0.0,8581994.66,1630578.9854000001,A280,1630579,1630579
281,0.0,Wholesale/Retail Trade,Lubelskie,0,8581938.5,0.0,8581938.5,8581938.5,0.0,8581938.5,1630568.315,A281,1630568,1630568
282,0.0,Finance,Mazowieckie,0,8581684.77,0.0,8581684.77,8581684.77,0.0,8581684.77,1630520.1062999999,A282,1630520,1630520
283,0.0,Construction,Pomorskie,0,8581322.96,0.0,8581322.96,8063114.100000001,0.0,8063114.100000001,1531991.6790000002,A283,1531992,1531992
284,0.0,Not determined,Łódzkie,0,8580338.37,0.0,8580338.37,8580338.37,0.0,8580338.37,1630264.2902999998,A284,1630264,1630264
285,0.0,Wholesale/Retail Trade,Zachodniopomorskie,0,8579901.06,0.0,8579901.06,8579901.06,0.0,8579901.06,1630181.2014000001,A285,1630181,1630181
286,0.0,Not determined,Pomorskie,0,8578977.73,0.0,8578977.73,8578977.73,0.0,8578977.73,1630005.7687000001,A286,1630006,1630006
287,0.0,Agriculture,Wielkopolskie,0,8578748.07,0.0,8578748.07,8447210.25,0.0,8447210.25,1604969.9475,A287,1604970,1604970
288,0.0,Wholesale/Retail Trade,Lubelskie,0,8577896.42,0.0,8577896.42,8036515.2,0.0,8036515.2,1526937.888,A288,1526938,1526938
289,0.0,Not determined,Pomorskie,0,8577314.17,0.0,8577314.17,8577314.17,0.0,8577314.17,1629689.6923,A289,1629690,1629690
290,0.0,Manufacturing,Zachodniopomorskie,0,8575862.77,0.0,8575862.77,8575862.77,0.0,8575862.77,1629413.9263,A290,1629414,1629414
291,0.0,Manufacturing,Pomorskie,0,8575043.33,0.0,8575043.33,8575043.33,0.0,8575043.33,1629258.2327,A291,1629258,1629258
292,0.0,Wholesale/Retail Trade,Mazowieckie,0,8574062.62,0.0,8574062.62,8574062.62,0.0,8574062.62,1629071.8978,A292,1629072,1629072
293,0.0,Wholesale/Retail Trade,Mazowieckie,0,8572287.27,0.0,8572287.27,8572287.27,0.0,8572287.27,1628734.5813,A293,1628735,1628735
294,0.0,Not determined,Mazowieckie,0,8572274.35,0.0,8572274.35,8572274.35,0.0,8572274.35,1628732.1265,A294,1628732,1628732
295,0.0,Professional/Scientific,Mazowieckie,0,8571889.3,0.0,8571889.3,8571889.3,36239.0,8535650.3,1621773.5570000003,A295,1621774,1621774
296,0.0,Other Service Activities,Zachodniopomorskie,0,8571311.67,0.0,8571311.67,8571311.67,0.0,8571311.67,1628549.2173,A296,1628549,1628549
297,0.0,Manufacturing,Lubelskie,0,8570851.89,0.0,8570851.89,8570851.89,0.0,8570851.89,1628461.8591000002,A297,1628462,1628462
298,0.0,Construction,Pomorskie,0,8570718.96,0.0,8570718.96,8570718.96,0.0,8570718.96,1628436.6024000002,A298,1628437,1628437
299,0.0,Not determined,Warmińsko-Mazurskie,0,8570649.79,0.0,8570649.79,8570649.79,0.0,8570649.79,1628423.4600999998,A299,1628423,1628423
300,0.0,Wholesale/Retail Trade,Lubelskie,0,8568550.14,0.0,8568550.14,8568550.14,0.0,8568550.14,1628024.5266000002,A300,1628025,1628025
301,0.0,Finance,Mazowieckie,0,8568277.37,0.0,8568277.37,8568177.37,0.0,8568177.37,1627953.7003,A301,1627954,1627954
302,0.0,Hotels and Restaurants,Pomorskie,0,8568160.71,0.0,8568160.71,8497464.48,0.0,8497464.48,1614518.2512,A302,1614518,1614518
303,0.0,Manufacturing,Pomorskie,0,8568152.98,0.0,8568152.98,8568152.98,0.0,8568152.98,1627949.0662,A303,1627949,1627949
304,0.0,Real Estate,Pomorskie,0,8566719.72,0.0,8566719.72,8566719.72,0.0,8566719.72,1627676.7468,A304,1627677,1627677
305,0.0,ICT,Mazowieckie,0,8566287.99,0.0,8566287.99,8566287.99,0.0,8566287.99,1627594.7181000002,A305,1627595,1627595
306,0.0,Wholesale/Retail Trade,Śląskie,0,8565898.8,0.0,8565898.8,8565898.8,0.0,8565898.8,1627520.772,A306,1627521,1627521
307,0.0,ICT,Dolnośląskie,0,8565108.81,0.0,8565108.81,8565108.81,0.0,8565108.81,1627370.6739,A307,1627371,1627371
308,0.0,Construction,Mazowieckie,0,8564346.81,0.0,8564346.81,8564346.81,0.0,8564346.81,1627225.8939,A308,1627226,1627226
309,0.0,Finance,Wielkopolskie,0,8564257.52,0.0,8564257.52,8564257.52,0.0,8564257.52,1627208.9287999999,A309,1627209,1627209
310,0.0,Wholesale/Retail Trade,Wielkopolskie,0,8563645.7,0.0,8563645.7,8563645.7,0.0,8563645.7,1627092.683,A310,1627093,1627093
311,0.0,Wholesale/Retail Trade,Śląskie,0,8563507.99,0.0,8563507.99,8563507.99,0.0,8563507.99,1627066.5181,A311,1627067,1627067
312,0.0,Wholesale/Retail Trade,Wielkopolskie,0,8563332.93,0.0,8563332.93,8563332.93,0.0,8563332.93,1627033.2567,A312,1627033,1627033
313,0.0,Manufacturing,Łódzkie,0,8563135.12,0.0,8563135.12,8563135.12,0.0,8563135.12,1626995.6727999998,A313,1626996,1626996
314,0.0,Wholesale/Retail Trade,Lubelskie,0,8562594.57,0.0,8562594.57,8562594.57,0.0,8562594.57,1626892.9683,A314,1626893,1626893
315,0.0,Wholesale/Retail Trade,Dolnośląskie,0,8562385.5,0.0,8562385.5,8562385.5,0.0,8562385.5,1626853.245,A315,1626853,1626853
316,0.0,Real Estate,Mazowieckie,0,8561651.23,0.0,8561651.23,8561651.23,0.0,8561651.23,1626713.7337000002,A316,1626714,1626714
317,0.0,Wholesale/Retail Trade,Pomorskie,0,8561238.38,0.0,8561238.38,8561238.38,0.0,8561238.38,1626635.2922000003,A317,1626635,1626635
318,0.0,Construction,Mazowieckie,0,8561053.31,0.0,8561053.31,8561053.31,0.0,8561053.31,1626600.1289000001,A318,1626600,1626600
319,0.0,Not determined,Lubelskie,0,8560762.44,0.0,8560762.44,8560762.44,0.0,8560762.44,1626544.8635999998,A319,1626545,1626545
320,0.0,Transportation and Storage,Lubuskie,0,8560736.74,0.0,8560736.74,8478739.620000001,0.0,8478739.620000001,1610960.5278000003,A320,1610961,1610961
321,0.0,Manufacturing,Mazowieckie,0,8560702.96,0.0,8560702.96,8560702.96,0.0,8560702.96,1626533.5624000002,A321,1626534,1626534
322,0.0,Professional/Scientific,Mazowieckie,0,8559915.55,0.0,8559915.55,8462419.39,0.0,8462419.39,1607859.6841000002,A322,1607860,1607860
323,0.0,Not determined,Mazowieckie,0,8559872.89,0.0,8559872.89,8559713.89,0.0,8559713.89,1626345.6391,A323,1626346,1626346
324,0.0,Finance,Śląskie,0,8559859.58,0.0,8559859.58,8553359.58,0.0,8553359.58,1625138.3202,A324,1625138,1625138
325,0.0,Real Estate,Pomorskie,0,8559709.66,0.0,8559709.66,8559709.66,0.0,8559709.66,1626344.8354,A325,1626345,1626345
326,0.0,ICT,Lubuskie,0,8559487.8,0.0,8559487.8,8559487.8,0.0,8559487.8,1626302.6820000003,A326,1626303,1626303
327,0.0,Construction,Lubuskie,0,8559482.77,0.0,8559482.77,8559482.77,0.0,8559482.77,1626301.7263,A327,1626302,1626302
328,0.0,Not determined,Zachodniopomorskie,0,8559126.51,0.0,8559126.51,8488126.51,0.0,8488126.51,1612744.0369,A328,1612744,1612744
329,0.0,Entertainment,Łódzkie,0,8558473.99,0.0,8558473.99,8558473.99,0.0,8558473.99,1626110.0581,A329,1626110,1626110
330,0.0,Education,Mazowieckie,0,8557809.32,0.0,8557809.32,8557809.32,0.0,8557809.32,1625983.7708,A330,1625984,1625984
331,0.0,Construction,Wielkopolskie,0,8557736.66,0.0,8557736.66,8557736.66,0.0,8557736.66,1625969.9654,A331,1625970,1625970
332,0.0,Wholesale/Retail Trade,Pomorskie,0,8557211.4,0.0,8557211.4,8557211.4,0.0,8557211.4,1625870.1660000002,A332,1625870,1625870
333,0.0,Manufacturing,Warmińsko-Mazurskie,0,8556880.41,0.0,8556880.41,8556880.41,0.0,8556880.41,1625807.2779,A333,1625807,1625807
334,0.0,Finance,Warmińsko-Mazurskie,0,8556505.0,0.0,8556505.0,8554505.0,0.0,8554505.0,1625355.95,A334,1625356,1625356
335,0.0,Not determined,Mazowieckie,0,8555740.85,0.0,8555740.85,8545889.87,0.0,8545889.87,1623719.0753,A335,1623719,1623719
336,0.0,Wholesale/Retail Trade,Lubuskie,0,8555634.67,0.0,8555634.67,8555634.67,0.0,8555634.67,1625570.5873,A336,1625571,1625571
337,0.0,Construction,Zachodniopomorskie,0,8555526.96,0.0,8555526.96,8555526.96,0.0,8555526.96,1625550.1224000002,A337,1625550,1625550
338,0.0,ICT,Mazowieckie,0,8555113.15,0.0,8555113.15,8555113.15,0.0,8555113.15,1625471.4985,A338,1625471,1625471
339,0.0,Health,Zachodniopomorskie,0,8554977.47,0.0,8554977.47,8554977.47,0.0,8554977.47,1625445.7193000002,A339,1625446,1625446
340,0.0,Transportation and Storage,Dolnośląskie,0,8554804.45,0.0,8554804.45,8554804.45,0.0,8554804.45,1625412.8454999998,A340,1625413,1625413
341,0.0,Admin and Support Services,Łódzkie,0,8554715.66,0.0,8554715.66,8468710.64,0.0,8468710.64,1609055.0216,A341,1609055,1609055
342,0.0,Real Estate,Łódzkie,0,8552713.16,0.0,8552713.16,8552713.16,0.0,8552713.16,1625015.5004,A342,1625016,1625016
343,0.0,Admin and Support Services,Wielkopolskie,0,8551697.06,0.0,8551697.06,8311427.600000001,0.0,8311427.600000001,1579171.2440000002,A343,1579171,1579171
344,0.0,Hotels and Restaurants,Pomorskie,0,8551666.56,0.0,8551666.56,8551666.56,0.0,8551666.56,1624816.6464000002,A344,1624817,1624817
345,0.0,Manufacturing,Pomorskie,0,8551266.68,0.0,8551266.68,8551266.68,0.0,8551266.68,1624740.6692,A345,1624741,1624741
346,0.0,Wholesale/Retail Trade,Wielkopolskie,0,8550880.25,0.0,8550880.25,8550880.25,0.0,8550880.25,1624667.2475,A346,1624667,1624667
347,0.0,Professional/Scientific,Lubuskie,0,8550863.21,0.0,8550863.21,8047817.840000001,0.0,8047817.840000001,1529085.3896,A347,1529085,1529085
348,0.0,Manufacturing,Pomorskie,0,8550607.35,0.0,8550607.35,8535891.129999999,0.0,8535891.129999999,1621819.3146999998,A348,1621819,1621819
349,0.0,Wholesale/Retail Trade,Lubuskie,0,8550336.87,0.0,8550336.87,8550336.87,0.0,8550336.87,1624564.0052999998,A349,1624564,1624564
350,0.0,Not determined,Lubuskie,0,8550120.7,0.0,8550120.7,8550120.7,0.0,8550120.7,1624522.933,A350,1624523,1624523
351,0.0,Transportation and Storage,Mazowieckie,0,8550013.09,0.0,8550013.09,8550013.09,0.0,8550013.09,1624502.4871,A351,1624502,1624502
352,0.0,Manufacturing,Mazowieckie,0,8549932.62,0.0,8549932.62,8549932.62,0.0,8549932.62,1624487.1978,A352,1624487,1624487
353,0.0,Finance,Mazowieckie,0,8549751.06,0.0,8549751.06,8529451.06,0.0,8529451.06,1620595.7014000001,A353,1620596,1620596
354,0.0,Not determined,Śląskie,0,8549143.0,0.0,8549143.0,8549143.0,0.0,8549143.0,1624337.17,A354,1624337,1624337
355,0.0,Construction,Pomorskie,0,8549129.65,0.0,8549129.65,8549129.65,0.0,8549129.65,1624334.6335,A355,1624335,1624335
356,0.0,Transportation and Storage,Lubuskie,0,8548650.16,0.0,8548650.16,8548650.16,0.0,8548650.16,1624243.5304,A356,1624244,1624244
357,0.0,Manufacturing,Pomorskie,0,8548426.77,0.0,8548426.77,8548426.77,0.0,8548426.77,1624201.0862999998,A357,1624201,1624201
358,0.0,Admin and Support Services,Mazowieckie,0,8548312.69,0.0,8548312.69,8548312.69,0.0,8548312.69,1624179.4111,A358,1624179,1624179
359,0.0,Hotels and Restaurants,Wielkopolskie,0,8548236.38,0.0,8548236.38,8548236.38,0.0,8548236.38,1624164.9122000001,A359,1624165,1624165
360,0.0,Wholesale/Retail Trade,Mazowieckie,0,8548049.14,0.0,8548049.14,8548049.14,0.0,8548049.14,1624129.3366,A360,1624129,1624129
361,0.0,Wholesale/Retail Trade,Mazowieckie,0,8547441.67,0.0,8547441.67,8544255.4,0.0,8544255.4,1623408.526,A361,1623409,1623409
362,0.0,ICT,Pomorskie,0,8545760.76,0.0,8545760.76,8545760.76,0.0,8545760.76,1623694.5444,A362,1623695,1623695
363,0.0,Manufacturing,Lubuskie,0,8545527.2,0.0,8545527.2,8515752.76,0.0,8515752.76,1617993.0244,A363,1617993,1617993
364,0.0,Manufacturing,Mazowieckie,0,8544480.47,0.0,8544480.47,8544480.47,0.0,8544480.47,1623451.2893,A364,1623451,1623451
365,0.0,Finance,Pomorskie,0,8543908.02,0.0,8543908.02,8543908.02,0.0,8543908.02,1623342.5237999998,A365,1623343,1623343
366,0.0,Entertainment,Wielkopolskie,0,8541523.78,0.0,8541523.78,8531974.61,0.0,8531974.61,1621075.1759,A366,1621075,1621075
367,0.0,Transportation and Storage,Łódzkie,0,8541466.01,0.0,8541466.01,8541466.01,0.0,8541466.01,1622878.5419,A367,1622879,1622879
368,0.0,Health,Mazowieckie,0,8541264.3,0.0,8541264.3,8541264.3,0.0,8541264.3,1622840.2170000002,A368,1622840,1622840
369,0.0,Manufacturing,Mazowieckie,0,8541264.14,0.0,8541264.14,8541264.14,0.0,8541264.14,1622840.1866000001,A369,1622840,1622840
370,0.0,Wholesale/Retail Trade,Pomorskie,0,8541149.22,0.0,8541149.22,8541149.22,0.0,8541149.22,1622818.3518,A370,1622818,1622818
371,0.0,Wholesale/Retail Trade,Warmińsko-Mazurskie,0,8538996.37,0.0,8538996.37,8538996.37,0.0,8538996.37,1622409.3102999998,A371,1622409,1622409
372,0.0,Not determined,Mazowieckie,0,8538710.07,0.0,8538710.07,8538710.07,0.0,8538710.07,1622354.9133000001,A372,1622355,1622355
373,0.0,Manufacturing,Pomorskie,0,8538666.3,0.0,8538666.3,8414976.42,0.0,8414976.42,1598845.5198,A373,1598846,1598846
374,0.0,Wholesale/Retail Trade,Mazowieckie,0,8538147.36,0.0,8538147.36,8538147.36,0.0,8538147.36,1622247.9984,A374,1622248,1622248
375,0.0,ICT,Śląskie,0,8537160.57,0.0,8537160.57,8537160.57,0.0,8537160.57,1622060.5083,A375,1622061,1622061
376,0.0,Utilities,Śląskie,0,8536794.05,0.0,8536794.05,8525300.790000001,0.0,8525300.790000001,1619807.1501000002,A376,1619807,1619807
377,0.0,Wholesale/Retail Trade,Śląskie,0,8535988.05,0.0,8535988.05,8535988.05,0.0,8535988.05,1621837.7295000001,A377,1621838,1621838
378,0.0,Real Estate,Śląskie,0,8535687.07,0.0,8535687.07,8535687.07,0.0,8535687.07,1621780.5433,A378,1621781,1621781
379,0.0,Wholesale/Retail Trade,Mazowieckie,0,8535360.55,0.0,8535360.55,8535360.55,0.0,8535360.55,1621718.5045000003,A379,1621719,1621719
380,0.0,Utilities,Śląskie,0,8534988.77,0.0,8534988.77,8534988.77,0.0,8534988.77,1621647.8662999999,A380,1621648,1621648
381,0.0,Admin and Support Services,Śląskie,0,8534166.64,0.0,8534166.64,8534166.64,0.0,8534166.64,1621491.6616000002,A381,1621492,1621492
382,0.0,Utilities,Mazowieckie,0,8533729.26,0.0,8533729.26,8533729.26,0.0,8533729.26,1621408.5594,A382,1621409,1621409
383,0.0,Manufacturing,Mazowieckie,0,8533145.89,0.0,8533145.89,8533145.89,0.0,8533145.89,1621297.7191,A383,1621298,1621298
384,0.0,Manufacturing,Mazowieckie,0,8532675.03,0.0,8532675.03,8532675.03,0.0,8532675.03,1621208.2556999999,A384,1621208,1621208
385,0.0,Wholesale/Retail Trade,Śląskie,0,8532475.08,0.0,8532475.08,8522475.08,0.0,8522475.08,1619270.2652,A385,1619270,1619270
386,0.0,Wholesale/Retail Trade,Śląskie,0,8532079.75,0.0,8532079.75,8532079.75,0.0,8532079.75,1621095.1525,A386,1621095,1621095
387,0.0,Utilities,Zachodniopomorskie,0,8532074.94,0.0,8532074.94,8532074.94,0.0,8532074.94,1621094.2385999998,A387,1621094,1621094
388,0.0,Transportation and Storage,Śląskie,0,8531940.38,0.0,8531940.38,8531940.38,0.0,8531940.38,1621068.6722000001,A388,1621069,1621069
389,0.0,Wholesale/Retail Trade,Mazowieckie,0,8531735.82,0.0,8531735.82,8531735.82,0.0,8531735.82,1621029.8058,A389,1621030,1621030
390,0.0,Utilities,Śląskie,0,8530175.22,0.0,8530175.22,8530175.22,0.0,8530175.22,1620733.2918000002,A390,1620733,1620733
391,0.0,ICT,Śląskie,0,8529950.73,0.0,8529950.73,8517742.05,0.0,8517742.05,1618370.9895000001,A391,1618371,1618371
392,0.0,Education,Wielkopolskie,0,8529080.64,0.0,8529080.64,8529080.64,0.0,8529080.64,1620525.3216000001,A392,1620525,1620525
393,0.0,ICT,Śląskie,0,8528659.31,0.0,8528659.31,8518659.31,0.0,8518659.31,1618545.2689,A393,1618545,1618545
394,0.0,Hotels and Restaurants,Śląskie,0,8528060.7,0.0,8528060.7,8528060.7,0.0,8528060.7,1620331.5329999998,A394,1620332,1620332
395,0.0,Manufacturing,Mazowieckie,0,8527740.6,0.0,8527740.6,8527740.6,0.0,8527740.6,1620270.714,A395,1620271,1620271
396,0.0,Not determined,Dolnośląskie,0,8526836.27,0.0,8526836.27,8526836.27,0.0,8526836.27,1620098.8913,A396,1620099,1620099
397,0.0,Hotels and Restaurants,Łódzkie,0,8525988.93,0.0,8525988.93,8525988.93,0.0,8525988.93,1619937.8967,A397,1619938,1619938
398,0.0,Professional/Scientific,Lubuskie,0,8525877.87,0.0,8525877.87,8508078.139999999,0.0,8508078.139999999,1616534.8465999998,A398,1616535,1616535
399,0.0,Wholesale/Retail Trade,Mazowieckie,0,8525358.66,0.0,8525358.66,8525358.66,0.0,8525358.66,1619818.1454,A399,1619818,1619818
400,0.0,Health,Wielkopolskie,0,8525086.63,0.0,8525086.63,8525086.63,0.0,8525086.63,1619766.4597000002,A400,1619766,1619766
401,0.0,Transportation and Storage,Dolnośląskie,0,8524183.58,0.0,8524183.58,8497662.23,0.0,8497662.23,1614555.8237,A401,1614556,1614556
402,0.0,Wholesale/Retail Trade,Śląskie,0,8522176.86,0.0,8522176.86,8522176.86,0.0,8522176.86,1619213.6034,A402,1619214,1619214
403,0.0,Wholesale/Retail Trade,Śląskie,0,8521812.09,0.0,8521812.09,8521812.09,0.0,8521812.09,1619144.2971,A403,1619144,1619144
404,0.0,Not determined,Dolnośląskie,0,8521749.66,0.0,8521749.66,8521749.66,0.0,8521749.66,1619132.4354,A404,1619132,1619132
405,0.0,Manufacturing,Mazowieckie,0,8521528.38,0.0,8521528.38,8521528.38,0.0,8521528.38,1619090.3922000001,A405,1619090,1619090
406,0.0,Real Estate,Świętokrzyskie,0,8520895.94,0.0,8520895.94,8520895.94,0.0,8520895.94,1618970.2286,A406,1618970,1618970
407,0.0,Hotels and Restaurants,Zachodniopomorskie,0,8520622.91,0.0,8520622.91,8520622.91,0.0,8520622.91,1618918.3529,A407,1618918,1618918
408,0.0,Construction,Dolnośląskie,0,8519935.89,0.0,8519935.89,8012855.870000001,0.0,8012855.870000001,1522442.6153000002,A408,1522443,1522443
409,0.0,Wholesale/Retail Trade,Mazowieckie,0,8519745.74,0.0,8519745.74,7944872.79,0.0,7944872.79,1509525.8301000001,A409,1509526,1509526
410,0.0,Entertainment,Mazowieckie,0,8519341.63,0.0,8519341.63,8519341.63,0.0,8519341.63,1618674.9097000002,A410,1618675,1618675
411,0.0,Wholesale/Retail Trade,Mazowieckie,0,8518674.88,0.0,8518674.88,8518674.88,0.0,8518674.88,1618548.2272,A411,1618548,1618548
412,0.0,Real Estate,Śląskie,0,8516836.08,0.0,8516836.08,8516836.08,0.0,8516836.08,1618198.8552,A412,1618199,1618199
413,0.0,Real Estate,Śląskie,0,8516328.57,0.0,8516328.57,8516328.57,0.0,8516328.57,1618102.4283,A413,1618102,1618102
414,0.0,Transportation and Storage,Śląskie,0,8515442.74,0.0,8515442.74,8514019.450000001,0.0,8514019.450000001,1617663.6955000001,A414,1617664,1617664
415,0.0,Wholesale/Retail Trade,Zachodniopomorskie,0,8514638.29,0.0,8514638.29,8514638.29,0.0,8514638.29,1617781.2750999997,A415,1617781,1617781
416,0.0,Transportation and Storage,Śląskie,0,8513947.27,0.0,8513947.27,8513947.27,0.0,8513947.27,1617649.9812999999,A416,1617650,1617650
417,0.0,Admin and Support Services,Mazowieckie,0,8513918.62,0.0,8513918.62,8513918.62,0.0,8513918.62,1617644.5377999998,A417,1617645,1617645
418,0.0,Wholesale/Retail Trade,Śląskie,0,8513467.52,0.0,8513467.52,8327955.55,0.0,8327955.55,1582311.5545,A418,1582312,1582312
419,0.0,Real Estate,Lubuskie,0,8512590.82,0.0,8512590.82,8512590.82,0.0,8512590.82,1617392.2558000002,A419,1617392,1617392
420,0.0,Education,Śląskie,0,8511759.44,0.0,8511759.44,8511759.44,0.0,8511759.44,1617234.2936,A420,1617234,1617234
421,0.0,Construction,Śląskie,0,8511398.0,0.0,8511398.0,8511398.0,0.0,8511398.0,1617165.62,A421,1617166,1617166
422,0.0,Wholesale/Retail Trade,Zachodniopomorskie,0,8511127.97,0.0,8511127.97,8511127.97,0.0,8511127.97,1617114.3143000002,A422,1617114,1617114
423,0.0,Utilities,Mazowieckie,0,8510877.29,0.0,8510877.29,8510877.29,0.0,8510877.29,1617066.6851,A423,1617067,1617067
424,0.0,Not determined,Mazowieckie,0,8509646.16,0.0,8509646.16,8509646.16,0.0,8509646.16,1616832.7704,A424,1616833,1616833
425,0.0,Manufacturing,Mazowieckie,0,8509446.15,0.0,8509446.15,8509446.15,0.0,8509446.15,1616794.7685,A425,1616795,1616795
426,0.0,Wholesale/Retail Trade,Śląskie,0,8509405.34,0.0,8509405.34,8509405.34,0.0,8509405.34,1616787.0145999999,A426,1616787,1616787
427,0.0,Wholesale/Retail Trade,Mazowieckie,0,8509364.98,0.0,8509364.98,8509364.98,0.0,8509364.98,1616779.3462,A427,1616779,1616779
428,0.0,Education,Lubuskie,0,8509098.96,0.0,8509098.96,8509098.96,0.0,8509098.96,1616728.8024000002,A428,1616729,1616729
429,0.0,Manufacturing,Mazowieckie,0,8509024.86,0.0,8509024.86,8509024.86,0.0,8509024.86,1616714.7234,A429,1616715,1616715
430,0.0,Professional/Scientific,Śląskie,0,8508998.33,0.0,8508998.33,8508998.33,0.0,8508998.33,1616709.6827,A430,1616710,1616710
431,0.0,Professional/Scientific,Wielkopolskie,0,8508556.55,0.0,8508556.55,8508556.55,0.0,8508556.55,1616625.7445000003,A431,1616626,1616626
432,0.0,Admin and Support Services,Zachodniopomorskie,0,8508513.63,0.0,8508513.63,8508513.63,0.0,8508513.63,1616617.5897000001,A432,1616618,1616618
433,0.0,Admin and Support Services,Mazowieckie,0,8507771.71,0.0,8507771.71,8507771.71,0.0,8507771.71,1616476.6249000002,A433,1616477,1616477
434,0.0,Not determined,Śląskie,0,8507309.01,0.0,8507309.01,8507309.01,0.0,8507309.01,1616388.7119,A434,1616389,1616389
435,0.0,Entertainment,Wielkopolskie,0,8506807.79,0.0,8506807.79,8506807.79,0.0,8506807.79,1616293.4800999998,A435,1616293,1616293
436,0.0,Wholesale/Retail Trade,Śląskie,0,8506782.02,0.0,8506782.02,8506782.02,0.0,8506782.02,1616288.5838,A436,1616289,1616289
437,0.0,Not determined,Mazowieckie,0,8506452.99,0.0,8506452.99,8500656.950000001,0.0,8500656.950000001,1615124.8205000001,A437,1615125,1615125
438,0.0,Real Estate,Mazowieckie,0,8506158.24,0.0,8506158.24,8506158.24,0.0,8506158.24,1616170.0656,A438,1616170,1616170
439,0.0,Wholesale/Retail Trade,Świętokrzyskie,0,8505591.46,0.0,8505591.46,8505591.46,0.0,8505591.46,1616062.3774,A439,1616062,1616062
440,0.0,Not determined,Łódzkie,0,8504970.24,0.0,8504970.24,8457960.3,0.0,8457960.3,1607012.4570000002,A440,1607012,1607012
441,0.0,Wholesale/Retail Trade,Mazowieckie,0,8504563.98,0.0,8504563.98,8394855.07,0.0,8394855.07,1595022.4633000002,A441,1595022,1595022
442,0.0,Transportation and Storage,Śląskie,0,8504434.66,0.0,8504434.66,8504434.66,0.0,8504434.66,1615842.5854,A442,1615843,1615843
443,0.0,Not determined,Wielkopolskie,0,8503988.27,0.0,8503988.27,8503988.27,34477.05,8469511.219999999,1609207.1317999999,A443,1609207,1609207
444,0.0,Admin and Support Services,Śląskie,0,8502336.03,0.0,8502336.03,8482444.49,0.0,8482444.49,1611664.4531,A444,1611664,1611664
445,0.0,Wholesale/Retail Trade,Śląskie,0,8501603.29,0.0,8501603.29,8501603.29,0.0,8501603.29,1615304.6250999998,A445,1615305,1615305
446,0.0,ICT,Śląskie,0,8500991.0,0.0,8500991.0,8500991.0,0.0,8500991.0,1615188.29,A446,1615188,1615188
447,0.0,Health,Wielkopolskie,1,3602177.77,0.0,3602177.77,3602177.77,0.0,3602177.77,540326.6655,A447,684414,684414
448,0.0,Health,Łódzkie,1,3145892.41,0.0,3145892.41,3145892.41,0.0,3145892.41,471883.8615,A448,597720,597720
449,0.0,Professional/Scientific,Mazowieckie,1,2111182.48,0.0,2111182.48,2111182.48,0.0,2111182.48,316677.372,A449,401125,401125
450,0.0,Professional/Scientific,Śląskie,1,1654897.12,0.0,1654897.12,1654897.12,0.0,1654897.12,248234.568,A450,314430,314430
