Sr_no,EDB_ZAMENSKI,oznakaEDB,dejnost,return_no,ID,pol_mz,godinaEMBG,Gross_income,Social_Security_Contributions,Tax_Relief,PDD,NETO,VIDISPLATA1,CALC,NORMIRANI,DANOCNA_OSNOVA
5,2.64E+11,PL,82.99,1,340253,M,1990,372605,100603,81578,19042,252960,1,1,0,190420
6,3.04E+12,PL,88.91,1,210834,Z,1985,259620,70095,89373,10018,179507,1,1,0,100180
7,1.79E+12,PL,68.32,1,315327,Z,1981,189177,51082,82016,5605,132490,1,1,0,56050
11,6.34E+12,PL,88.99,1,106342,Z,1956,479139,129375,89373,26038,323726,1,1,0,260380
12,3.43E+12,PL,46.44,1,962874,M,1955,222660,60120,67104,9540,153000,1,1,0,95400
13,2.67E+12,PL,49.41,1,686469,M,1957,291336,78664,89472,12324,200348,1,1,0,123240
14,6.55E+12,PL,14.13,1,478814,Z,1968,205414,55464,89472,6044,143906,1,1,0,60440
15,4.97E+12,PL,84.24,1,397956,M,1994,541064,146086,89373,30561,364417,1,1,0,305610
18,4.66E+12,PL,16.29,1,762084,M,1994,197710,53750,89373,5460,138500,1,1,0,54600
21,8.40E+11,PL,1.13,1,564879,M,1970,214079,57930,89373,6676,149473,1,1,0,66760
22,9.88E+12,PL,1.13,1,875323,M,1958,252828,68368,89373,9509,174951,1,1,0,95090
23,3.76E+12,PL,86.1,1,296947,Z,1970,689592,186198,89472,41394,462000,1,1,0,413940
24,8.03E+12,PL,41.2,1,691615,M,1979,200072,54012,89472,5660,140400,1,1,0,56600
27,3.91E+11,SVD,47.11,1,740554,M,1982,46161,12462,20131,1358,32341,1,1,0,13580
30,6.06E+12,PL,68.2,1,890098,M,1976,9116,2461,1775,488,6167,1,1,0,4880
31,6.38E+12,PL,38.11,1,561690,M,1953,375665,101432,74560,19968,254265,1,1,0,199680
33,A722484818257,PL,62.01,1,435506,M,1977,516819,139545,52192,32508,344766,1,1,0,325080
36,9.91E+12,PL,14.13,1,6024,Z,1962,164447,46310,70022,4812,113325,1,1,0,48120
40,1.17E+12,PL,73.11,1,92747,Z,1981,196809,53137,81917,6172,137500,1,1,0,61720
41,7.43E+11,PL,84.22,1,151855,M,1988,354391,95687,89373,16932,241772,1,1,0,169320
43,2.64E+11,PL,82.99,1,715530,M,1961,272858,73670,62467,13673,185515,1,1,0,136730
44,A809112239979,PL,49.41,1,980244,M,1996,58950,15918,14912,2812,40220,1,1,0,28120
46,6.50E+12,PL,45.32,1,151839,Z,1987,68026,18367,18051,3163,46496,1,1,0,31630
49,2.64E+12,PL,14.13,1,407152,Z,1978,253814,68523,89373,9591,175700,1,1,0,95910
52,2.70E+12,PL,14.13,1,628541,Z,1963,176602,50489,82016,4411,121702,1,1,0,44110
56,1.81E+12,PL,10.39,1,129356,Z,1967,93204,25165,39652,2839,65200,1,1,0,28390
65,4.52E+12,PL,61.2,1,24238,Z,1986,559383,151025,76051,33233,375125,1,1,0,332330
66,5.86E+12,PL,84.12,1,522612,Z,1985,74636,19780,35317,1954,52902,1,1,0,19540
67,5.13E+12,PL,47.19,1,914916,M,1966,28393,8433,14166,579,19381,1,1,0,5790
68,7.14E+12,PL,56.1,1,837153,Z,1962,4079,1101,1775,120,2858,1,1,0,1200
74,7.09E+12,PL,78.2,1,930344,M,1975,180194,50471,82016,4768,124955,1,1,0,47680
76,3.91E+12,PL,85.31,1,1802,Z,1958,227346,61377,89373,7660,158309,1,1,0,76600
78,2.78E+12,PL,1.3,1,814468,Z,1990,2132,576,645,156,1400,1,1,0,1560
82,4.65E+12,PL,47.91,1,979733,Z,1995,18746,5284,8653,481,12981,1,1,0,4810
83,2.34E+12,PL,11.02,1,502430,M,1976,2087365,481881,33730,157175,1448309,1,1,0,1571750
84,7.51E+12,PL,47.41,1,522329,M,1979,201292,54347,89472,5745,141200,1,1,0,57450
85,2.54E+12,PL,47.54,1,902995,M,1956,565586,152714,89373,32350,380522,1,1,0,323500
87,7.10E+12,PL,92,1,309617,Z,1989,284259,76750,75817,13170,194339,1,1,0,131700
91,8.85E+12,PL,7.29,1,753109,Z,1987,1091223,294626,43719,75289,721308,1,1,0,752890
92,6.11E+12,PL,1.46,1,742220,M,1962,101196,27320,44736,2916,70960,1,1,0,29160
95,4.23E+12,PL,52.29,1,501655,Z,1956,339536,91676,89472,15840,232020,1,1,0,158400
97,2.18E+12,PL,14.13,1,195184,Z,1983,320390,86505,89093,14479,219406,1,1,0,144790
100,6.07E+12,PL,46.45,1,349424,Z,1989,136705,36910,57055,4275,95520,1,1,0,42750
101,6.25E+12,PL,28.13,1,394052,M,1956,388231,104824,89373,19403,264004,1,1,0,194030
102,3.01E+12,PL,14.13,1,65938,Z,1960,223349,60502,89373,7347,155500,1,1,0,73470
103,4.29E+12,PL,14.13,1,746800,Z,1971,161230,47414,78189,3564,110252,1,1,0,35640
105,7.37E+12,PL,80.1,1,767063,M,1993,219125,59164,89373,7060,152901,1,1,0,70600
106,9.23E+12,PL,69.2,1,407240,Z,1980,232347,62744,82032,8755,160848,1,1,0,87550
107,9.14E+12,PL,86.22,1,402350,M,1980,169873,49382,82016,3851,116640,1,1,0,38510
108,8.85E+12,PL,56.1,1,619990,Z,1967,200041,54018,89472,5655,140368,1,1,0,56550
109,6.58E+11,PL,41.2,1,613842,M,1960,222033,59950,89373,7271,154812,1,1,0,72710
110,5.28E+12,PL,90.04,1,848575,M,1981,325956,88002,89373,14854,223100,1,1,0,148540
111,8.24E+12,PL,84.11,1,580669,Z,1992,228223,61623,89373,7718,158882,1,1,0,77180
114,7.56E+12,PL,86.21,1,518992,M,1957,360966,97458,89373,17415,246093,1,1,0,174150
116,2.45E+12,PL,36,1,533975,M,1960,418068,112875,82016,22320,282873,1,1,0,223200
119,5.86E+12,PL,84.12,1,901972,Z,1987,80034,21207,18107,4071,54753,1,1,0,40710
121,6.23E+12,PL,33.12,1,875731,M,1969,160322,43288,52192,6484,110550,1,1,0,64840
135,5.59E+12,PL,45.32,1,647934,Z,1961,202070,54561,89373,5809,141700,1,1,0,58090
136,6.90E+12,PL,23.7,1,432046,M,1961,212885,57473,89373,6601,148811,1,1,0,66010
142,9.58E+12,PL,43.39,1,645790,M,1965,223080,60244,89472,7336,155500,1,1,0,73360
144,5.59E+12,PL,8.11,1,325552,M,1985,553913,149556,89373,31499,372858,1,1,0,314990
147,2.75E+12,PL,47.71,1,826272,Z,1984,214090,62450,104087,4760,146880,1,1,0,47600
151,2.15E+11,PL,49.41,1,425784,M,1993,200024,54004,89472,5652,140368,1,1,0,56520
152,5.86E+12,PL,84.12,1,80157,Z,1989,22114,5859,8713,755,15500,1,1,0,7550
153,7.10E+12,PL,92,1,337660,Z,1986,214807,57997,53158,10365,146445,1,1,0,103650
154,6.64E+12,PL,56.1,1,61536,M,1982,420898,114087,89472,21731,285080,1,1,0,217310
155,1.99E+12,PL,8.11,1,203027,M,1983,194288,54020,89428,5084,135184,1,1,0,50840
157,3.33E+12,PL,69.2,1,896205,M,1968,46792,13504,22368,1088,32200,1,1,0,10880
158,1.75E+12,PL,36,1,229173,M,1955,382077,103161,89373,18954,259962,1,1,0,189540
160,1.67E+12,PL,14.13,1,814494,Z,1991,239075,64616,89373,8508,165951,1,1,0,85080
162,2.61E+11,PL,64.19,1,738074,Z,1983,426367,115123,66731,24451,286793,1,1,0,244510
164,9.98E+12,PL,14.13,1,137226,M,1974,162465,43078,64727,4886,114501,1,1,0,48860
165,8.67E+12,PL,1.49,1,481399,Z,1964,138967,37524,55188,4625,96818,1,1,0,46250
169,7.65E+12,PL,62.09,1,390364,Z,1985,211785,57182,89373,6523,148080,1,1,0,65230
171,4.41E+12,PL,84.11,1,6708,Z,1974,458740,123863,88017,24687,310190,1,1,0,246870
173,A647115068972,PL,47.11,1,969522,M,1990,160549,43351,71318,4586,112612,1,1,0,45860
174,5.13E+12,PL,22.29,1,904457,M,1993,489797,132242,82016,27555,330000,1,1,0,275550
178,5.20E+12,PL,43.99,1,679275,M,1962,18975,5194,0,1378,12403,1,1,0,13780
179,1.79E+12,PL,61.2,1,599880,Z,1981,894098,241411,89472,56321,596366,1,1,0,563210
180,3.29E+12,PL,86.21,1,880875,Z,1981,238574,64412,89373,8476,165686,1,1,0,84760
186,4.98E+12,PL,46.31,1,987209,Z,1990,87326,23581,39410,2431,61314,1,1,0,24310
187,8.60E+11,PL,86.21,1,664957,Z,1968,211179,57015,89373,6475,147689,1,1,0,64750
188,9.69E+11,PL,52.21,1,32748,M,1962,214680,57960,89472,6720,150000,1,1,0,67200
189,8.57E+12,PL,85.2,1,397008,Z,1972,396897,107163,89373,20035,269699,1,1,0,200350
190,4.23E+12,PL,86.22,1,651095,Z,1977,588497,158892,89373,34023,395582,1,1,0,340230
196,A893277368986,PL,47.99,1,524485,Z,1973,424824,114704,42251,26786,283334,1,1,0,267860
197,6.32E+12,PL,85.42,1,185825,M,1987,244146,65921,45060,13315,164910,1,1,0,133150
198,2.31E+12,PL,#N/A,1,576778,M,1957,916534,247472,89373,57970,611092,1,1,0,579700
200,4.50E+12,SVD,47.71,1,481974,M,1976,199993,54003,89373,5662,140328,1,1,0,56620
201,4.46E+12,PL,84.13,1,75709,Z,1957,340987,92064,89373,15956,232967,1,1,0,159560
206,7.81E+11,PL,13.3,1,504476,Z,1968,144832,45898,69815,3234,95700,1,1,0,32340
207,5.86E+12,PL,84.12,1,515174,Z,1986,78134,20704,23814,3362,54067,1,1,0,33620
208,5.86E+12,PL,84.12,1,48058,Z,1978,124533,32999,24641,6689,84844,1,1,0,66890
209,3.49E+12,PL,29.31,1,238380,M,1978,214878,60834,79784,7426,146618,1,1,0,74260
210,3.29E+12,PL,78.2,1,640917,Z,1963,206435,55745,89373,6132,144558,1,1,0,61320
212,6.26E+12,PL,14.13,1,569492,Z,1974,190636,53781,89373,4748,132100,1,1,0,47480
213,8.13E+12,PL,62.09,1,192652,Z,1973,371082,100194,82017,18888,252000,1,1,0,188880
217,3.34E+11,PL,96.03,1,827825,M,1962,125544,33894,29824,6182,85468,1,1,0,61820
220,6.89E+12,PL,84.11,1,253096,Z,1960,773550,208863,89373,47530,517157,1,1,0,475300
223,7.43E+12,PL,47.71,1,701926,Z,1980,16070,4339,6778,495,11236,1,1,0,4950
225,9.53E+12,PL,59.11,1,477503,M,1992,257584,69547,67104,12092,175945,1,1,0,120920
230,1.48E+12,PL,13.92,1,420009,M,1973,225136,61384,89370,7440,156312,1,1,0,74400
232,5.26E+12,PL,63.11,1,534375,Z,1972,843842,227841,89472,52654,563347,1,1,0,526540
235,1.13E+12,PL,71.12,1,142364,M,1959,680448,183720,89472,40728,456000,1,1,0,407280
239,9.54E+12,PL,86.21,1,53275,Z,1970,262212,70804,89472,10196,181212,1,1,0,101960
241,3.54E+12,PL,14.13,1,473710,Z,1960,187574,53669,89373,4454,129451,1,1,0,44540
243,A358199827138,PL,46.38,1,988392,M,1970,51390,13875,22368,1515,36000,1,1,0,15150
246,33498482972,PL,49.31,1,866292,M,1985,764940,206532,89373,46902,511506,1,1,0,469020
250,2.87E+11,PL,85.42,1,190132,M,1970,403494,108951,89373,20519,274024,1,1,0,205190
251,5.86E+12,PL,84.12,1,799084,M,1965,14828,3929,6100,480,10419,1,1,0,4800
252,4.92E+11,PL,47.71,1,660665,Z,1983,100344,27096,44736,2848,70400,1,1,0,28480
255,4.97E+12,PL,84.24,1,565590,M,1988,703898,190051,89373,42450,471397,1,1,0,424500
256,7.00E+12,PL,42.11,1,127065,M,1970,293865,79948,89373,12454,201463,1,1,0,124540
258,2.78E+11,PL,47.73,1,77098,Z,1986,112513,31009,50836,3068,78436,1,1,0,30680
259,9.61E+12,PL,25.93,1,970651,M,1997,94839,25607,37272,3196,66036,1,1,0,31960
260,3.05E+12,PL,85.32,1,792438,Z,1979,400611,108172,89373,20303,272136,1,1,0,203030
262,8.56E+12,PL,14.13,1,663434,Z,1994,188052,52220,85922,4991,130841,1,1,0,49910
263,5.86E+12,PL,84.12,1,539692,Z,1991,34993,9274,12879,1284,24435,1,1,0,12840
265,6.98E+12,PL,85.32,1,825338,M,1963,441014,119077,89373,23254,298683,1,1,0,232540
271,4.99E+12,PL,31.09,1,311536,M,1967,131512,35504,59648,3640,92368,1,1,0,36400
273,6.11E+12,PL,64.19,1,284838,Z,1984,651937,176018,87100,38882,437037,1,1,0,388820
275,A108064359987,PL,14.13,1,986983,Z,1983,183686,53223,87521,4499,125964,1,1,0,44990
276,4.87E+12,PL,84.11,1,99445,M,1957,757307,204471,89373,46349,506487,1,1,0,463490
278,8.21E+12,PL,49.41,1,982335,Z,1989,192336,51225,86363,5475,135636,1,1,0,54750
283,4.40E+12,PL,92,1,538980,Z,1976,304432,82202,89472,13276,208954,1,1,0,132760
284,2.90E+12,PL,24.45,1,744480,M,1963,401789,108487,81707,21159,272143,1,1,0,211590
285,2.73E+12,PL,36,1,137258,M,1975,294143,82734,86159,12525,198884,1,1,0,125250
289,4.78E+12,PL,47.51,1,868274,Z,1981,172590,49635,82016,4096,118859,1,1,0,40960
290,7.54E+12,PL,47.51,1,868060,Z,1976,14197,3832,6445,392,9973,1,1,0,3920
296,9.41E+12,PL,85.32,1,889927,Z,1971,417146,112632,89472,21504,283010,1,1,0,215040
298,1.22E+12,PL,47.11,1,438603,M,1993,90507,24445,37990,2807,63255,1,1,0,28070
300,9.76E+12,PL,46.45,1,182720,Z,1975,359800,97142,89373,17329,245329,1,1,0,173290
302,4.89E+12,PL,84.13,1,210757,M,1984,377726,101982,89373,18641,257103,1,1,0,186410
304,4.97E+12,PL,84.24,1,490028,Z,1979,661695,178653,89373,39368,443674,1,1,0,393680
306,2.39E+12,PL,85.32,1,320206,Z,1974,414038,111787,89373,21286,280965,1,1,0,212860
307,6.94E+12,PL,56.1,1,670754,M,1983,199320,54417,89472,5543,139360,1,1,0,55430
308,3.65E+12,PL,47.71,1,482738,M,1994,200032,54004,89508,5652,140376,1,1,0,56520
315,2.89E+12,PL,10.71,1,192303,Z,1964,350029,94509,89373,16615,238905,1,1,0,166150
317,3.49E+12,PL,29.31,1,623453,M,1977,118572,32014,45638,4092,82466,1,1,0,40920
320,3.96E+12,PL,35.13,1,509090,M,1976,527972,142556,89472,29593,355823,1,1,0,295930
321,A307511356517,PL,14.13,1,804545,Z,1976,33121,9165,14912,906,23050,1,1,0,9060
326,6.46E+12,PL,49.41,1,539028,M,1977,61675,16657,26841,1818,43200,1,1,0,18180
327,4.79E+12,SVD,47.72,1,277854,M,1981,192783,54004,89459,4932,133847,1,1,0,49320
328,2.83E+12,PL,47.11,1,450471,Z,1988,229839,62057,89472,7832,159950,1,1,0,78320
331,8.86E+12,PL,85.2,1,150423,Z,1953,443282,119696,89373,23420,300166,1,1,0,234200
334,6.34E+12,PL,92,1,26346,M,1965,130797,35317,55110,4037,91443,1,1,0,40370
335,7.16E+12,PL,92,1,275907,M,1992,257789,69606,89373,9881,178302,1,1,0,98810
338,1.39E+12,PL,47.78,1,446490,M,1976,589120,159064,89472,34056,396000,1,1,0,340560
340,1.55E+12,PL,85.53,1,339495,M,1974,196758,54106,89373,5332,137320,1,1,0,53320
344,3.35E+12,PL,46.71,1,988664,M,1970,58098,15686,14573,2784,39628,1,1,0,27840
345,5.86E+12,PL,84.12,1,855196,Z,1960,7016,1859,1695,346,4811,1,1,0,3460
350,1.41E+12,PL,47.11,1,816755,Z,1984,150715,40690,67104,4295,105730,1,1,0,42950
351,8.87E+12,PL,49.41,1,638730,M,1969,235176,63505,89373,8231,163440,1,1,0,82310
354,2.90E+12,PL,86.22,1,78800,Z,1960,380417,102715,89373,18833,258869,1,1,0,188330
355,2.64E+12,PL,14.13,1,728435,Z,1980,241397,65216,89373,8681,167500,1,1,0,86810
359,2.87E+12,PL,47.11,1,578122,M,1988,316448,85445,89472,14153,216850,1,1,0,141530
370,9.62E+12,PL,49.32,1,462599,M,1982,7406,2220,3728,146,5040,1,1,0,1460
372,2.91E+12,PL,60.2,1,709114,Z,1981,629107,169857,96730,36250,423000,1,1,0,362500
373,3.13E+12,SVD,56.1,1,694170,M,1976,340441,91918,89373,15913,232610,1,1,0,159130
375,6.33E+12,PL,85.59,1,215972,M,1988,263763,71217,67086,12546,180000,1,1,0,125460
376,33498482972,PL,49.31,1,381507,M,1967,450210,121556,89373,23928,304726,1,1,0,239280
377,9.88E+12,PL,84.23,1,283915,Z,1959,218990,59285,89373,7035,152670,1,1,0,70350
378,7.00E+12,PL,42.11,1,960878,M,1967,132123,35745,48950,4743,91635,1,1,0,47430
379,4.41E+12,PL,85.2,1,571830,Z,1965,429261,115900,89373,22399,290962,1,1,0,223990
381,2.18E+12,PL,45.11,1,769239,M,1978,211032,56976,89472,6456,147600,1,1,0,64560
382,4.67E+12,PL,13.3,1,641260,Z,1971,39435,10648,14912,1387,27400,1,1,0,13870
384,2.33E+12,PL,78.2,1,335728,M,1995,35763,9656,13217,1289,24818,1,1,0,12890
395,2.39E+12,PL,82.99,1,389740,M,1972,233134,62945,89373,8081,162108,1,1,0,80810
399,8.03E+12,PL,85.59,1,82501,M,1981,426294,115104,89373,22186,289004,1,1,0,221860
408,3.50E+11,PL,11.07,1,20724,M,1975,452242,122112,89472,24069,306061,1,1,0,240690
410,1.62E+12,PL,73.2,1,651195,Z,1979,740400,199908,89472,45101,495391,1,1,0,451010
412,9.53E+12,PL,59.11,1,837198,M,1964,355557,96003,82016,17754,241800,1,1,0,177540
413,7.14E+12,PL,86.1,1,798936,Z,1961,861232,232531,89331,53938,574763,1,1,0,539380
414,7.13E+12,PL,84.11,1,784763,Z,1978,539381,145634,89373,30436,363311,1,1,0,304360
416,3.08E+12,PL,47.3,1,238848,M,1987,510700,137888,89373,28344,344468,1,1,0,283440
419,5.53E+12,PL,85.2,1,50742,M,1974,416086,112350,89373,21436,282300,1,1,0,214360
421,1.42E+12,PL,49.41,1,609070,Z,1978,198152,54004,89472,5468,138680,1,1,0,54680
422,2.00E+12,PL,91.02,1,293025,Z,1957,150301,40585,34199,7552,102164,1,1,0,75520
423,5.03E+12,PL,86.1,1,62072,Z,1994,351515,94905,89373,16722,239888,1,1,0,167220
425,1.37E+12,PL,78.2,1,715872,Z,1971,162133,43777,22368,9598,108758,1,1,0,95980
427,4.19E+12,PL,31.09,1,749713,M,1978,234556,63330,89373,8185,163041,1,1,0,81850
428,3.59E+12,PL,14.13,1,850628,Z,1970,117354,32037,41347,4397,80920,1,1,0,43970
429,8.56E+12,PL,35.11,1,710376,M,1952,7390,1995,0,539,4855,1,1,0,5390
432,5.86E+12,PL,84.12,1,776447,M,1957,251551,66665,69714,11521,173365,1,1,0,115210
434,5.38E+12,PL,47.78,1,596548,M,1972,200068,54016,89472,5652,140400,1,1,0,56520
435,5.86E+12,PL,84.12,1,294747,Z,1990,2223,589,1003,63,1571,1,1,0,630
437,1.97E+12,PL,14.13,1,983314,Z,1976,53336,14490,22083,1676,37170,1,1,0,16760
439,5.58E+12,PL,68.2,1,723929,Z,1993,116788,31532,36307,4895,80361,1,1,0,48950
442,1.20E+12,PL,46.32,1,130479,Z,1996,88838,23987,36925,2792,62059,1,1,0,27920
444,5.86E+12,PL,84.12,1,87924,Z,1984,126345,33482,16915,7594,85269,1,1,0,75940
450,6.93E+12,PL,84.23,1,256011,M,1979,668810,178128,89373,40134,450548,1,1,0,401340
451,5.29E+12,PL,60.2,1,676698,Z,1959,537713,145180,89373,30312,362221,1,1,0,303120
455,3.68E+12,PL,62.01,1,599703,M,1978,1529759,413034,89472,102725,1014000,1,1,0,1027250
456,7.09E+12,PL,78.2,1,386537,M,1960,196244,53326,82016,6089,136829,1,1,0,60890
465,5.77E+12,PL,85.42,1,662999,M,1983,880672,237780,89373,55352,587540,1,1,0,553520
468,3.08E+12,PL,47.3,1,542287,M,1987,610360,164797,89373,35619,409944,1,1,0,356190
471,6.99E+12,PL,81.22,1,190264,Z,1973,209717,56623,89373,6371,146723,1,1,0,63710
477,9.97E+12,PL,47.73,1,532789,Z,1988,388212,104820,89472,19392,264000,1,1,0,193920
480,5.86E+12,PL,84.12,1,416421,Z,1953,565023,152559,89373,32308,380156,1,1,0,323080
482,4.91E+12,PL,14.13,1,846612,Z,1996,174448,49651,79344,4695,120102,1,1,0,46950
484,9.42E+12,PL,71.11,1,343646,M,1954,4078,1101,1775,120,2857,1,1,0,1200
485,2.04E+12,PL,1.46,1,634463,M,1990,331772,89575,89373,15283,226914,1,1,0,152830
486,7.60E+12,PL,47.11,1,187977,M,1979,193962,52370,71578,7001,134591,1,1,0,70010
494,3.06E+12,PL,41.2,1,159716,M,1981,290796,78508,89488,12280,200008,1,1,0,122800
496,4.29E+11,PL,14.13,1,957312,Z,1981,186192,55334,89373,4147,126711,1,1,0,41470
497,9.32E+11,PL,85.2,1,137123,Z,1972,217017,58600,89357,6906,151512,1,1,0,69060
498,4.58E+12,PL,65.12,1,688972,M,1972,620223,167458,89375,36339,416426,1,1,0,363390
499,9.01E+12,PL,46.35,1,375106,M,1977,437791,118207,89373,23023,296561,1,1,0,230230
500,7.41E+11,PL,49.41,1,477578,Z,1994,81054,22751,37280,2103,56200,1,1,0,21030
504,3.94E+12,PL,8.12,1,668729,M,1994,102155,29813,48364,2282,70060,1,1,0,22820
505,7.73E+12,PL,14.13,1,168767,Z,1962,208009,56758,89373,6186,145065,1,1,0,61860
510,8.26E+12,PL,23.12,1,971315,M,1988,460503,124337,89039,24717,311449,1,1,0,247170
511,5.24E+11,PL,52.21,1,821751,M,1987,209029,56443,82016,7057,145529,1,1,0,70570
512,7.46E+12,PL,85.32,1,880276,Z,1966,444174,119937,89472,23481,300756,1,1,0,234810
513,5.31E+12,PL,53.2,1,345369,M,1995,18596,5021,6391,718,12857,1,1,0,7180
515,1.46E+11,PL,43.22,1,453515,M,1982,173763,46916,42025,8483,118364,1,1,0,84830
518,A898537287604,PL,47.59,1,953370,M,1988,167083,45117,74236,4774,117192,1,1,0,47740
520,3.68E+12,PL,36,1,204588,M,1956,235728,63644,74461,9762,162322,1,1,0,97620
523,3.55E+12,PL,46.9,1,572937,M,1989,258442,69781,82016,10661,178000,1,1,0,106610
531,5.84E+12,PL,47.72,1,955319,Z,1985,159891,43170,48125,6860,109861,1,1,0,68600
533,5.86E+12,PL,84.12,1,546554,Z,1957,83125,22029,55434,568,60528,1,1,0,5680
534,9.85E+12,PL,47.11,1,537232,Z,1993,51853,14000,19318,1853,36000,1,1,0,18530
538,9.97E+12,PL,41.2,1,694485,M,1983,502718,135730,89472,27755,339233,1,1,0,277550
543,7.09E+12,PL,93.12,1,607848,M,1953,91997,24840,34944,3221,63936,1,1,0,32210
545,3.94E+12,PL,10.82,1,533971,M,1960,212949,58712,89373,6487,147750,1,1,0,64870
546,6.58E+12,PL,84.12,1,487288,Z,1974,718398,193968,89373,43503,480927,1,1,0,435030
548,5.86E+12,PL,84.12,1,463030,M,1991,6672,1768,3344,156,4748,1,1,0,1560
555,1.56E+12,PL,7.29,1,26540,M,1969,657379,177493,87367,39249,440637,1,1,0,392490
556,1.37E+12,PL,78.2,1,743410,M,1990,173890,46949,41494,8546,118395,1,1,0,85460
561,7.59E+12,PL,14.13,1,868686,Z,1991,184272,54229,89373,4067,125976,1,1,0,40670
563,2.43E+12,PL,10.51,1,512196,M,1981,478852,129288,89373,26018,323546,1,1,0,260180
564,4.97E+12,PL,84.24,1,858817,M,1979,640040,172811,89373,37784,429445,1,1,0,377840
565,A041357014574,PL,55.1,1,964993,M,1990,127387,34396,56666,3631,89360,1,1,0,36310
567,5.86E+12,PL,84.12,1,331719,Z,1957,449235,121287,89373,23854,304094,1,1,0,238540
569,87989622250,PL,86.23,1,275258,Z,1978,213634,56897,89373,6737,150000,1,1,0,67370
570,1.80E+11,PL,92,1,896795,M,1981,420372,113503,89472,21739,285130,1,1,0,217390
571,3.84E+12,PL,41.2,1,207428,M,1963,286906,77465,89373,12006,197435,1,1,0,120060
574,1.45E+12,PL,96.03,1,847429,Z,1956,100020,27012,44736,2824,70184,1,1,0,28240
575,5.96E+11,SVD,56.1,1,315698,M,1988,8067,2179,3679,221,5667,1,1,0,2210
576,6.41E+12,PL,43.33,1,905496,Z,1966,220020,59405,89472,7115,153500,1,1,0,71150
578,3.13E+11,PL,14.13,1,502117,Z,1968,28338,7651,14813,587,20100,1,1,0,5870
579,A962121802385,PL,41.2,1,790008,M,1978,443054,119629,74187,24925,298500,1,1,0,249250
580,5.86E+12,PL,86.1,1,280660,Z,1986,297099,80214,83688,13320,203565,1,1,0,133200
583,2.39E+12,PL,82.99,1,656244,M,1979,499649,134908,89373,27540,337201,1,1,0,275400
584,4.78E+11,PL,52.23,1,810974,Z,1970,758002,204660,86230,46711,506631,1,1,0,467110
585,2.48E+12,PL,71.12,1,93032,M,1987,356652,96297,67104,19326,241029,1,1,0,193260
587,9.77E+12,PL,11.02,1,456364,M,1973,461256,124536,89472,24720,312000,1,1,0,247200
591,4.39E+12,PL,84.11,1,585234,M,1988,293505,79250,89373,12488,201767,1,1,0,124880
593,4.04E+12,PL,47.73,1,584855,Z,1980,356297,96214,89373,17072,243011,1,1,0,170720
595,9.52E+12,PL,46.22,1,5782,Z,1958,199233,53817,89373,5616,139800,1,1,0,56160
598,7.97E+12,PL,29.32,1,829202,M,1992,955,258,324,37,660,1,1,0,370
601,1.16E+12,PL,10.52,1,786951,M,1968,243963,65870,89472,8863,169230,1,1,0,88630
602,5.81E+12,PL,47.11,1,549451,M,1966,86395,24365,39991,2205,59825,1,1,0,22050
603,3.35E+12,PL,86.21,1,797321,M,1984,306010,82614,89472,13396,210000,1,1,0,133960
604,4.74E+12,PL,26.11,1,802601,M,1987,230776,62310,79644,8882,159584,1,1,0,88820
605,3.29E+12,PL,47.29,1,983647,M,1998,63851,17241,27790,1883,44727,1,1,0,18830
607,2.10E+12,PL,47.11,1,328361,Z,1991,223839,60436,89373,7403,156000,1,1,0,74030
611,7.15E+11,PL,47.24,1,755281,M,1969,184808,53736,89373,4172,126900,1,1,0,41720
613,6.92E+12,PL,84.13,1,102259,M,1973,502184,135594,89373,27724,338866,1,1,0,277240
615,5.58E+12,PL,88.91,1,377149,Z,1968,289663,78209,89472,12198,199256,1,1,0,121980
620,3.49E+12,PL,29.31,1,733239,M,1985,407708,110083,89375,20825,276800,1,1,0,208250
623,3.35E+12,PL,62.01,1,536957,Z,1986,289340,78122,31121,18010,193208,1,1,0,180100
626,5.42E+12,PL,10.71,1,220703,M,1981,187907,51118,82016,5477,131312,1,1,0,54770
629,2.55E+12,PL,47.72,1,85701,Z,1991,45828,13314,22368,1014,31500,1,1,0,10140
632,1.07E+12,PL,86.21,1,435533,Z,1978,69654,18807,22368,2847,48000,1,1,0,28470
633,5.50E+12,PL,47.11,1,665648,Z,1983,17511,4998,8378,413,12100,1,1,0,4130
634,9.94E+12,PL,64.19,1,823561,M,1977,816199,220367,89472,50632,545200,1,1,0,506320
635,7.97E+12,PL,43.22,1,400115,M,1988,222154,60795,89373,7199,154160,1,1,0,71990
639,6.90E+12,PL,7.29,1,732531,M,1968,10676,3220,0,746,6710,1,1,0,7460
640,6.90E+12,PL,10.39,1,81673,M,1961,203993,55079,81917,6701,142213,1,1,0,67010
642,4.97E+12,PL,84.24,1,599522,Z,1974,525192,141804,89373,29403,353985,1,1,0,294030
643,4.16E+12,PL,47.3,1,93370,M,1997,176219,47903,65060,6325,121991,1,1,0,63250
648,2.28E+12,PL,24.52,1,300299,M,1974,277333,78026,73452,12586,186721,1,1,0,125860
651,7.20E+12,PL,82.2,1,838045,Z,1986,29301,7911,7780,1360,20030,1,1,0,13600
657,3.49E+12,PL,29.31,1,955128,Z,1982,94131,25416,27565,4115,64600,1,1,0,41150
659,3.16E+12,PL,47.11,1,818702,Z,1973,194410,54014,89373,5103,135293,1,1,0,51030
660,1.80E+11,PL,92,1,956509,Z,1968,20507,5537,7456,751,14219,1,1,0,7510
662,5.00E+12,PL,47.19,1,988805,Z,1994,17144,4629,7456,506,12009,1,1,0,5060
663,4.97E+12,PL,84.24,1,856489,M,1991,503708,136002,89373,27834,339872,1,1,0,278340
665,9.58E+12,PL,43.39,1,688605,M,1960,251210,67820,89472,9390,174000,1,1,0,93900
667,7.54E+12,PL,64.19,1,816353,Z,1974,536360,144820,89472,30204,361336,1,1,0,302040
671,1.75E+12,PL,43.99,1,401429,M,1959,274392,74089,96829,10345,189958,1,1,0,103450
674,7.78E+11,PL,41.2,1,756278,M,1990,139159,37991,63115,3807,97361,1,1,0,38070
679,9.15E+12,PL,47.3,1,294308,Z,1981,347842,93916,89373,16455,237471,1,1,0,164550
680,5.54E+12,PL,46.39,1,800089,M,1988,242088,65364,89472,8724,168000,1,1,0,87240
681,7.43E+11,PL,84.22,1,363092,M,1994,535375,144547,89373,30145,360683,1,1,0,301450
683,4.72E+12,PL,85.2,1,283958,Z,1960,428728,115750,89373,22364,290614,1,1,0,223640
687,5.66E+12,PL,49.31,1,976168,Z,1991,119910,32375,52192,3535,84000,1,1,0,35350
693,5.08E+12,PL,85.32,1,919013,Z,1970,428997,115829,89373,22380,290788,1,1,0,223800
695,4.97E+12,PL,84.24,1,172915,M,1992,541223,146130,89373,30571,364522,1,1,0,305710
698,7.39E+12,PL,13.2,1,969641,Z,1994,69732,18828,23893,2701,48203,1,1,0,27010
700,4.62E+12,PL,94.99,1,233305,Z,1980,986005,266223,89472,63032,656750,1,1,0,630320
702,7.90E+12,PL,14.13,1,932194,Z,1966,211091,58145,89472,6346,146600,1,1,0,63460
706,9.02E+12,PL,92,1,989840,Z,1988,38861,10492,14813,1356,27013,1,1,0,13560
707,5.86E+12,PL,84.12,1,325754,Z,1989,113362,30041,37280,4604,78717,1,1,0,46040
709,7.41E+12,PL,15.2,1,971758,Z,1972,44131,13016,20963,1015,30100,1,1,0,10150
710,5.53E+12,PL,46.9,1,861597,M,1985,316728,85510,89373,14187,217031,1,1,0,141870
713,7.00E+12,PL,42.11,1,106485,M,1959,303869,82254,89373,13224,208391,1,1,0,132240
717,3.35E+12,PL,56.1,1,643390,M,1964,205560,55500,89460,6060,144000,1,1,0,60600
718,6.91E+12,PL,47.52,1,981786,M,1996,119665,32311,44381,4296,83058,1,1,0,42960
720,7.46E+12,PL,80.1,1,638559,M,1965,278631,75232,89373,11399,192000,1,1,0,113990
721,8.07E+12,SVD,56.1,1,844746,Z,1954,30193,8910,15048,624,20659,1,1,0,6240
726,3.88E+12,PL,46.35,1,803869,Z,1959,162187,43793,60049,5833,112561,1,1,0,58330
732,6.29E+12,PL,56.1,1,503923,M,1953,105718,28547,43073,3412,73759,1,1,0,34120
733,5.50E+12,PL,36,1,705884,M,1961,416170,112365,89373,21444,282361,1,1,0,214440
734,9.10E+12,PL,84.3,1,84181,M,1957,339711,91727,89373,15863,232121,1,1,0,158630
739,2.33E+12,PL,78.2,1,713294,Z,1962,217727,58793,89373,6954,151980,1,1,0,69540
743,4.67E+12,PL,46.39,1,772555,M,1987,91542,26221,43664,2165,63156,1,1,0,21650
744,3.67E+12,PL,47.71,1,929990,Z,1965,228794,61774,96829,7020,160000,1,1,0,70200
754,6.26E+12,PL,14.13,1,333028,Z,1987,247418,66803,89373,9124,171491,1,1,0,91240
755,2.00E+12,PL,84.25,1,791376,M,1954,394967,106641,89373,19894,268432,1,1,0,198940
757,7.80E+12,PL,85.42,1,717343,M,1954,346814,93629,89373,16386,236799,1,1,0,163860
758,1.84E+12,PL,56.3,1,952433,Z,1998,83697,24052,39652,1999,57646,1,1,0,19990
761,2.47E+12,PL,47.11,1,445953,Z,1965,60964,17590,29626,1374,42000,1,1,0,13740
764,5.29E+11,PL,14.13,1,302439,M,1956,399031,107741,89373,20192,271098,1,1,0,201920
765,2.33E+12,PL,78.2,1,757567,M,1958,228690,61743,59549,10743,156204,1,1,0,107430
766,6.02E+12,PL,46.42,1,104030,M,1964,99126,26766,44736,2760,69600,1,1,0,27600
771,1.01E+12,PL,84.13,1,169522,M,1979,374085,101003,89373,18372,254710,1,1,0,183720
772,2.59E+11,PL,46.73,1,957748,M,1961,132578,35800,57703,3908,92870,1,1,0,39080
776,3.49E+12,PL,29.31,1,469330,M,1994,20331,5490,6101,874,13967,1,1,0,8740
778,6.82E+12,PL,59.11,1,87947,M,1984,191940,53835,89472,4866,133239,1,1,0,48660
781,4.97E+12,PL,84.24,1,566946,M,1969,808673,218343,89373,50096,540234,1,1,0,500960
784,1.04E+12,PL,56.1,1,372793,M,1983,32031,8649,11547,1184,22198,1,1,0,11840
785,1.69E+12,PL,49.41,1,95278,Z,1981,569747,153835,89373,32652,383260,1,1,0,326520
789,2.02E+12,PL,80.2,1,802790,M,1992,155060,44941,74560,3559,106560,1,1,0,35590
794,5.04E+12,PL,43.31,1,985178,M,1978,117404,31699,52192,3353,82352,1,1,0,33530
796,5.86E+12,PL,84.12,1,66408,M,1972,75195,19926,22239,3303,51965,1,1,0,33030
797,8.98E+12,PL,36,1,909936,M,1961,305818,82573,96631,12664,210581,1,1,0,126640
801,7.10E+12,PL,46.43,1,846491,Z,1992,217179,58653,89373,6916,151610,1,1,0,69160
802,1.79E+12,PL,94.99,1,362384,Z,1979,529896,143064,89472,29736,357096,1,1,0,297360
805,8.73E+12,SVD,10.71,1,73968,M,1981,187176,54004,89472,4372,128800,1,1,0,43720
809,2.03E+12,PL,88.91,1,870637,Z,1980,254990,68857,89373,9675,176458,1,1,0,96750
810,7.55E+12,PL,10.51,1,776884,M,1968,162889,43981,29824,8908,110000,1,1,0,89080
811,5.86E+12,PL,84.12,1,324680,M,1966,34463,9131,10811,1452,23880,1,1,0,14520
819,7.06E+11,PL,29.31,1,146087,Z,1975,308829,83385,89373,13606,211838,1,1,0,136060
820,9.98E+12,PL,46.46,1,497265,M,1974,464465,125407,51914,28715,310343,1,1,0,287150
822,3.49E+12,PL,29.31,1,689856,Z,1995,329148,88874,89374,15090,225184,1,1,0,150900
824,28934679817,PL,86.1,1,270430,Z,1973,234445,63302,49382,12175,158968,1,1,0,121750
827,7.43E+11,PL,84.22,1,384807,M,1980,362242,97800,88308,17612,246830,1,1,0,176120
832,5.38E+12,PL,24.2,1,1019147,M,1983,67420,18203,21864,2735,46482,1,1,0,27350
833,A983800689405,PL,49.41,1,961553,M,1981,108500,31073,52192,2520,74907,1,1,0,25200
835,1.62E+12,PL,84.11,1,164318,M,1977,519189,140184,89472,28953,350052,1,1,0,289530
836,9.75E+12,PL,91.02,1,262914,Z,1966,396298,107002,89373,19988,269308,1,1,0,199880
841,5.36E+12,PL,43.11,1,90453,M,1987,219600,59304,89472,7080,153216,1,1,0,70800
842,3.02E+12,PL,93.12,1,650951,M,1974,25195,6802,10457,793,17600,1,1,0,7930
843,9.10E+12,PL,84.3,1,776748,M,1965,495576,133805,89326,27245,334526,1,1,0,272450
849,2.87E+12,PL,10.89,1,346894,M,1976,185263,53858,89373,4205,127200,1,1,0,42050
851,5.86E+12,PL,84.12,1,883392,Z,1985,218626,57938,55643,10507,150181,1,1,0,105070
852,6.59E+12,PL,86.1,1,126935,Z,1967,1062481,286871,89373,68622,706988,1,1,0,686220
853,2.62E+12,PL,86.23,1,546842,Z,1964,356100,96612,89373,17055,242433,1,1,0,170550
854,4.07E+12,PL,43.39,1,97090,Z,1962,369187,99683,74461,19504,250000,1,1,0,195040
857,9.84E+12,PL,47.11,1,570007,Z,1985,246564,69168,89472,8796,168600,1,1,0,87960
858,3.78E+12,PL,46.31,1,296764,M,1966,808350,218249,89373,50075,540026,1,1,0,500750
859,6.68E+11,PL,1.21,1,419646,M,1964,478825,129284,89472,26007,323534,1,1,0,260070
864,2.00E+12,PL,91.02,1,859288,Z,1990,222053,59951,89373,7272,154830,1,1,0,72720
871,7.45E+12,PL,38.11,1,546547,M,1957,172267,49198,81916,4115,118954,1,1,0,41150
873,2.78E+12,PL,43.39,1,768460,Z,1961,262537,70892,89472,10220,181425,1,1,0,102200
874,2.04E+12,PL,90.04,1,817994,M,1955,480280,129680,89373,26122,324478,1,1,0,261220
875,1.08E+12,PL,14.13,1,382117,Z,1982,226684,61536,89373,7578,157570,1,1,0,75780
879,8.07E+12,PL,47.19,1,53833,M,1981,27777,7501,11184,909,19367,1,1,0,9090
880,8.45E+12,PL,47.29,1,524768,Z,1979,205290,55425,89472,6042,143823,1,1,0,60420
882,8.07E+12,PL,69.2,1,613862,M,1961,222706,60130,96829,6576,156000,1,1,0,65760
883,9.79E+12,PL,84.11,1,555013,Z,1982,205137,55388,75577,7417,142332,1,1,0,74170
884,5.90E+12,PL,86.1,1,505177,Z,1985,488811,131982,87598,26924,329905,1,1,0,269240
885,8.50E+12,PL,46.41,1,456981,Z,1986,814394,219888,89472,50506,544000,1,1,0,505060
886,4.97E+12,PL,84.24,1,411625,M,1974,591869,159805,89373,34272,397792,1,1,0,342720
889,2.98E+12,PL,70.22,1,986363,Z,1984,26088,7043,8331,1071,17974,1,1,0,10710
892,4.32E+11,PL,14.12,1,876356,Z,1982,164744,49307,81917,3352,112085,1,1,0,33520
894,3.15E+12,PL,95.29,1,605116,M,1960,207325,55969,89373,6198,145158,1,1,0,61980
895,2.84E+12,PL,K,1,703711,Z,1965,646060,174434,89373,38221,433405,1,1,0,382210
896,3.56E+12,PL,80.1,1,972164,M,1994,137040,37000,59648,4040,96000,1,1,0,40400
901,5.08E+12,PL,85.2,1,386748,Z,1964,398560,107614,89373,20156,270790,1,1,0,201560
902,7.75E+12,PL,43.39,1,673508,M,1990,115958,31312,50247,3439,81212,1,1,0,34390
905,A085818239979,PL,45.2,1,960322,Z,1959,96254,25988,41896,2837,67429,1,1,0,28370
909,8.98E+12,PL,69.2,1,806826,Z,1978,204302,55726,89472,5911,142665,1,1,0,59110
910,2.83E+12,PL,47.11,1,335089,Z,1980,108727,29358,43671,3570,75799,1,1,0,35700
912,3.17E+12,PL,25.99,1,725398,Z,1969,26640,7193,10649,880,18567,1,1,0,8800
919,8.57E+12,PL,42.12,1,397111,M,1975,22859,6174,10407,628,16057,1,1,0,6280
921,4.30E+12,SVD,47.11,1,273072,Z,1982,182224,49752,82016,5042,127430,1,1,0,50420
922,3.85E+12,PL,86.21,1,681573,Z,1957,46154,13436,22343,1038,31680,1,1,0,10380
924,5.86E+12,PL,84.12,1,277139,Z,1963,27352,7249,6019,1408,18695,1,1,0,14080
925,4.97E+12,PL,84.24,1,855443,M,1968,596756,161127,89373,34626,401003,1,1,0,346260
926,7.63E+12,PL,14.13,1,120310,Z,1986,187952,55961,89373,4264,127727,1,1,0,42640
927,5.70E+12,PL,64.19,1,658494,Z,1978,480752,129800,89472,26152,324800,1,1,0,261520
932,9.56E+12,PL,42.99,1,681853,M,1963,194280,52455,64087,7773,134052,1,1,0,77730
933,71088835334,PL,56.1,1,92436,M,1974,213730,57711,89472,6651,149368,1,1,0,66510
938,7.43E+11,PL,84.22,1,140298,M,1977,589959,159290,89373,34130,396539,1,1,0,341300
942,1.07E+12,PL,15.2,1,720890,Z,1985,173070,49379,82016,4171,119520,1,1,0,41710
948,7.13E+12,PL,84.11,1,3898,M,1987,231157,62411,89373,7935,160811,1,1,0,79350
952,9.05E+12,PL,14.12,1,606771,Z,1993,16054,4438,7456,416,11200,1,1,0,4160
953,9.49E+11,PL,47.99,1,197736,M,1988,201806,54492,89472,5786,141528,1,1,0,57860
955,5.60E+12,PL,10.61,1,296386,M,1959,232195,62694,74461,9501,160000,1,1,0,95010
957,A899168552168,PL,79.12,1,758184,M,1971,56284,15196,24498,1659,39429,1,1,0,16590
958,6.69E+12,PL,86.1,1,534860,Z,1984,342949,92597,89373,16098,234254,1,1,0,160980
971,8.40E+11,PL,1.13,1,844884,M,1957,304661,82260,89373,13303,209098,1,1,0,133030
972,8.92E+12,PL,85.32,1,384556,M,1975,611846,165198,89373,35732,410916,1,1,0,357320
976,5.34E+11,PL,10.71,1,48184,Z,1980,16352,4415,7117,482,11455,1,1,0,4820
977,3.88E+12,PL,46.35,1,723633,M,1986,99062,26749,38968,3333,68980,1,1,0,33330
981,7.67E+12,PL,43.29,1,145100,M,1953,187907,50734,31443,10573,126600,1,1,0,105730
982,6.25E+12,PL,47.59,1,303098,Z,1971,205577,55506,89373,6071,144000,1,1,0,60710
983,4.94E+12,PL,41.2,1,766360,M,1978,188762,50972,82016,5579,132211,1,1,0,55790
984,3.49E+12,PL,29.31,1,704751,M,1990,252560,68191,84009,10036,174333,1,1,0,100360
989,1.80E+12,PL,31.01,1,440729,M,1991,198288,54004,89472,5484,138800,1,1,0,54840
990,2.06E+12,PL,86.23,1,934063,M,1966,340074,91807,89373,15892,232375,1,1,0,158920
992,6.80E+12,PL,10.89,1,963350,Z,1982,54149,14620,21995,1753,37776,1,1,0,17530
993,4.85E+11,PL,80.1,1,306522,M,1987,260340,70284,89472,10056,180000,1,1,0,100560
996,1.73E+12,PL,43.21,1,414591,M,1975,99891,26970,44687,2821,70100,1,1,0,28210
999,5.73E+12,PL,80.1,1,507166,M,1985,32848,8869,11424,1256,22723,1,1,0,12560
1001,7.64E+12,PL,86.21,1,871283,Z,1997,118409,35087,59549,2379,80943,1,1,0,23790
3,5.08E+12,PL,47.24,2,758933,M,1987,5111,0,0,511,4600,2,2,0,5110
4,6.93E+12,PL,56.3,2,928639,M,1987,10194,0,0,1019,9175,2,2,0,10190
8,8.38E+12,PL,14.12,2,673294,M,1985,4444,0,0,444,4000,2,2,0,4440
9,7.74E+12,PL,16.1,2,853654,M,1983,10222,0,0,1022,9200,2,2,0,10220
10,3.58E+12,PL,27.32,2,869978,Z,1966,10222,0,0,1022,9200,2,2,0,10220
16,7.43E+11,PL,84.22,2,3317,M,1978,25487,0,0,2549,22938,2,2,0,25490
20,2.80E+11,PL,45.2,2,505379,M,1990,11111,0,0,1111,10000,2,2,0,11110
34,4.16E+12,PL,47.3,2,985390,Z,1995,10296,0,0,1030,9266,2,2,0,10300
47,6.61E+12,PL,56.3,2,653344,Z,1971,10222,0,0,1022,9200,2,2,0,10220
55,2.72E+12,PL,47.3,2,636714,M,1982,10000,0,0,1000,9000,2,2,0,10000
59,5.64E+12,PL,86.22,2,247525,M,1957,10194,0,0,1019,9175,2,2,0,10190
61,6.09E+12,PL,47.73,2,921334,Z,1970,10200,0,0,1020,9180,2,2,0,10200
75,7.06E+11,PL,29.31,2,257935,M,1973,10194,0,0,1019,9175,2,2,0,10190
77,5.53E+12,PL,14.12,2,124601,Z,1971,6111,0,0,611,5500,2,2,0,6110
89,7.70E+12,PL,47.22,2,484656,Z,1975,10296,0,0,1030,9266,2,2,0,10300
90,2.32E+12,PL,41.2,2,975480,M,1981,10295,0,0,1029,9266,2,2,0,10290
96,8.00E+12,PL,62.09,2,309453,M,1986,10200,0,0,1020,9180,2,2,0,10200
113,4.74E+12,PL,26.11,2,873419,M,1971,10344,0,0,1034,9310,2,2,0,10340
120,3.59E+12,PL,62.01,2,457106,M,1989,12389,0,0,1239,11150,2,2,0,12390
122,9.83E+12,PL,42.22,2,229329,M,1959,1111,0,0,111,1000,2,2,0,1110
123,8.01E+12,PL,10.82,2,952630,Z,1994,11111,0,0,1111,10000,2,2,0,11110
129,8.20E+11,PL,55.1,2,516623,Z,1960,13670,0,0,1367,12303,2,2,0,13670
131,1.07E+12,PL,15.2,2,180674,Z,1984,10132,0,0,1013,9119,2,2,0,10130
137,7.06E+11,PL,29.31,2,504320,Z,1964,10194,0,0,1019,9175,2,2,0,10190
139,8.16E+12,PL,26.11,2,402895,M,1992,10200,0,0,1020,9180,2,2,0,10200
140,1.12E+12,PL,80.1,2,17725,M,1978,555,0,0,55,500,2,2,0,550
143,6.83E+12,PL,92,2,220367,M,1974,10194,0,0,1019,9175,2,2,0,10190
146,9.97E+12,PL,41.2,2,915516,M,1981,10296,0,0,1030,9266,2,2,0,10300
149,1.69E+12,PL,25.11,2,171493,M,1962,5111,0,0,511,4600,2,2,0,5110
150,2.59E+12,PL,47.22,2,639822,M,1994,10222,0,0,1022,9200,2,2,0,10220
156,4.74E+12,PL,26.11,2,216242,M,1997,10344,0,0,1034,9310,2,2,0,10340
163,5.90E+12,PL,86.1,2,10985,Z,1984,10195,0,0,1020,9175,2,2,0,10200
166,7.63E+12,PL,2.3,2,349184,Z,1984,5148,0,0,515,4633,2,2,0,5150
172,1.23E+12,PL,21.2,2,229258,M,1957,43069,0,0,4307,38762,2,2,0,43070
182,3.27E+12,SVD,96.02,2,6587,Z,1972,10222,0,0,1022,9200,2,2,0,10220
191,1.07E+12,PL,47.64,2,166704,M,1977,6667,0,0,667,6000,2,2,0,6670
192,8.92E+12,PL,35.12,2,259748,M,1955,198545,0,0,19854,178691,2,2,0,198540
193,6.39E+12,PL,49.31,2,229975,M,1972,10333,0,0,1033,9300,2,2,0,10330
195,2.55E+12,PL,14.19,2,516876,Z,1966,1111,0,0,111,1000,2,2,0,1110
203,A910509107559,PL,86.1,2,976858,Z,1969,2778,0,0,278,2500,2,2,0,2780
204,8.16E+12,PL,10.82,2,765469,M,1956,12900,0,0,1290,11610,2,2,0,12900
218,2.38E+12,PL,56.1,2,494499,Z,1969,1361,0,0,136,1225,2,2,0,1360
219,1.08E+12,PL,71.12,2,878680,Z,1981,10000,0,0,1000,9000,2,2,0,10000
222,7.91E+12,PL,10.51,2,154019,Z,1977,10133,0,0,1013,9120,2,2,0,10130
227,2.20E+12,PL,31.09,2,177386,M,1970,10333,0,0,1033,9300,2,2,0,10330
237,5.22E+12,PL,23.7,2,195148,M,1983,10296,0,0,1030,9266,2,2,0,10300
238,2.10E+12,PL,10.39,2,20262,Z,1965,10195,0,0,1020,9175,2,2,0,10200
245,3.58E+12,PL,86.23,2,404471,M,1970,10194,0,0,1019,9175,2,2,0,10190
249,4.71E+11,PL,45.2,2,720558,M,1978,10296,0,0,1030,9266,2,2,0,10300
261,3.02E+12,PL,84.11,2,384382,M,1971,13333,0,0,1333,12000,2,2,0,13330
264,1.79E+12,PL,61.2,2,753108,Z,1987,10194,0,0,1019,9175,2,2,0,10190
266,7.72E+12,PL,14.12,2,688858,M,1968,10000,0,0,1000,9000,2,2,0,10000
268,6.13E+12,PL,32.99,2,617672,M,1983,10129,0,0,1013,9116,2,2,0,10130
287,7.28E+12,PL,46.19,2,899469,M,1984,10194,0,0,1019,9175,2,2,0,10190
291,3.74E+12,PL,84.11,2,75899,M,1962,22222,0,0,2222,20000,2,2,0,22220
293,A877771972084,PL,45.2,2,407499,M,1987,10222,0,0,1022,9200,2,2,0,10220
294,61484416549,PL,84.11,2,821587,Z,1984,299997,0,0,29997,270000,2,2,0,299970
297,4.83E+12,PL,10.71,2,245080,M,1958,13333,0,0,1333,12000,2,2,0,13330
299,7.68E+12,PL,86.22,2,347638,M,1993,10222,0,0,1022,9200,2,2,0,10220
303,5.31E+12,PL,49.41,2,752463,M,1973,10222,0,0,1022,9200,2,2,0,10220
309,1.14E+12,PL,14.13,2,531939,Z,1968,5222,0,0,522,4700,2,2,0,5220
314,4.31E+12,PL,17.21,2,734997,M,1972,10296,0,0,1030,9266,2,2,0,10300
319,9.64E+12,PL,46.9,2,54033,Z,1986,5111,0,0,511,4600,2,2,0,5110
322,3.28E+12,PL,10.71,2,655327,M,1956,10194,0,0,1019,9175,2,2,0,10190
330,2.54E+12,PL,86.1,2,282366,Z,1972,11111,0,0,1111,10000,2,2,0,11110
342,1.87E+12,SVD,56.1,2,16542,M,1959,10222,0,0,1022,9200,2,2,0,10220
343,2.16E+12,PL,64.19,2,597071,M,1985,56059,0,0,5607,50452,2,2,0,56070
347,8.56E+12,PL,35.11,2,401924,M,1971,15292,0,0,1529,13763,2,2,0,15290
349,6.13E+12,PL,60.2,2,774476,M,1969,10222,0,0,1022,9200,2,2,0,10220
352,3.90E+12,PL,13.92,2,883154,Z,1980,12351,0,0,1235,11116,2,2,0,12350
353,7.44E+11,PL,1.64,2,551942,M,1967,8055,0,0,805,7250,2,2,0,8050
363,6.10E+11,PL,47.22,2,14028,M,1975,10000,0,0,1000,9000,2,2,0,10000
366,7.77E+12,PL,85.53,2,626387,M,1973,10194,0,0,1019,9175,2,2,0,10190
367,5.46E+12,PL,62.01,2,879112,M,1991,10000,0,0,1000,9000,2,2,0,10000
374,8.56E+12,PL,35.11,2,1012324,M,1991,40080,0,0,4008,36072,2,2,0,40080
380,3.24E+12,PL,47.11,2,337470,Z,1982,10194,0,0,1019,9175,2,2,0,10190
388,7.10E+12,PL,79.11,2,334823,Z,1974,10111,0,0,1011,9100,2,2,0,10110
391,9.82E+12,PL,29.1,2,697463,M,1990,24384,0,0,2438,21946,2,2,0,24380
397,1.90E+12,PL,47.75,2,485235,Z,1986,10133,0,0,1013,9120,2,2,0,10130
403,9.37E+12,PL,49.32,2,68833,M,1967,10000,0,0,1000,9000,2,2,0,10000
406,3.94E+12,PL,47.91,2,680391,Z,1988,13650,0,0,1365,12285,2,2,0,13650
409,7.32E+12,PL,46.31,2,472281,Z,1990,10000,0,0,1000,9000,2,2,0,10000
415,1.70E+12,PL,70.22,2,627146,Z,1990,10076,0,0,1008,9068,2,2,0,10080
418,1.92E+12,PL,47.21,2,412166,M,1986,10222,0,0,1022,9200,2,2,0,10220
420,6.75E+12,PL,52.29,2,384478,Z,1973,11111,0,0,1111,10000,2,2,0,11110
424,2.21E+12,PL,62.01,2,571695,Z,1962,10191,0,0,1016,9175,2,2,0,10160
440,1.60E+12,PL,84.11,2,82964,Z,1991,15111,0,0,1511,13600,2,2,0,15110
446,9.62E+12,PL,96.02,2,322137,M,1968,10133,0,0,1013,9120,2,2,0,10130
447,3.72E+11,PL,46.45,2,522338,Z,1979,10194,0,0,1019,9175,2,2,0,10190
452,3.12E+12,PL,13.92,2,438445,M,1988,10075,0,0,1008,9067,2,2,0,10080
454,7.87E+12,PL,41.2,2,117610,M,1978,10296,0,0,1030,9266,2,2,0,10300
457,7.18E+12,PL,35.13,2,504761,Z,1976,41911,0,0,4191,37720,2,2,0,41910
458,4.74E+12,PL,26.11,2,438687,Z,1996,10344,0,0,1034,9310,2,2,0,10340
459,61484416549,PL,84.11,2,852955,Z,1967,1399986,0,0,139986,1260000,2,2,0,1399860
460,8.85E+12,PL,69.2,2,882245,M,1957,16666,0,0,1666,15000,2,2,0,16660
461,2.28E+12,PL,24.52,2,386269,M,1954,10160,0,0,1016,9144,2,2,0,10160
467,3.81E+12,PL,55.1,2,139439,M,1959,10222,0,0,1022,9200,2,2,0,10220
474,2.41E+11,SVD,47.11,2,755303,M,1970,10011,0,0,1001,9010,2,2,0,10010
487,9.65E+12,PL,85.32,2,344438,M,1973,1023,0,0,102,921,2,2,0,1020
488,6.06E+12,PL,68.2,2,176860,Z,1958,10222,0,0,1022,9200,2,2,0,10220
489,5.91E+12,PL,86.21,2,513933,Z,1959,3333,0,0,333,3000,2,2,0,3330
492,5.83E+11,PL,94.2,2,685116,M,1979,7444,0,0,744,6700,2,2,0,7440
495,7.78E+12,PL,79.11,2,339900,M,1983,10333,0,0,1033,9300,2,2,0,10330
507,5.45E+12,PL,14.13,2,180134,Z,1972,10078,0,0,1008,9070,2,2,0,10080
519,5.30E+11,PL,22.21,2,375826,M,1994,10333,0,0,1033,9300,2,2,0,10330
524,1.56E+12,PL,7.29,2,167104,M,1987,10194,0,0,1019,9175,2,2,0,10190
526,1.91E+12,PL,14.13,2,860959,Z,1971,18889,0,0,1889,17000,2,2,0,18890
527,4.49E+12,PL,22.29,2,101695,M,1958,10222,0,0,1022,9200,2,2,0,10220
529,4.27E+12,PL,1.11,2,698445,M,1954,2222,0,0,222,2000,2,2,0,2220
530,9.97E+12,PL,41.2,2,109821,M,1972,10296,0,0,1030,9266,2,2,0,10300
536,8.41E+12,PL,86.22,2,629674,Z,1989,10222,0,0,1022,9200,2,2,0,10220
537,2.33E+12,PL,41.2,2,255444,M,1965,12222,0,0,1222,11000,2,2,0,12220
539,7.09E+12,PL,13.92,2,344687,M,1979,9961,0,0,995,8966,2,2,0,9950
544,2.73E+12,PL,56.1,2,828948,Z,1986,3333,0,0,333,3000,2,2,0,3330
547,3.20E+12,PL,16.29,2,471271,M,1968,10000,0,0,1000,9000,2,2,0,10000
568,1.22E+12,PL,49.41,2,409041,M,1973,11145,0,0,2026,9119,2,2,0,20260
577,4.16E+12,PL,47.3,2,7285,M,1986,10296,0,0,1030,9266,2,2,0,10300
586,1.84E+12,PL,16.23,2,39369,Z,1977,10555,0,0,1055,9500,2,2,0,10550
590,1.28E+12,PL,43.33,2,558062,M,1991,10194,0,0,1019,9175,2,2,0,10190
594,4.91E+12,PL,49.41,2,353572,M,1967,5111,0,0,511,4600,2,2,0,5110
596,5.26E+11,PL,47.63,2,411167,Z,1963,10194,0,0,1019,9175,2,2,0,10190
597,8.47E+12,PL,46.9,2,793879,Z,1957,13333,0,0,1333,12000,2,2,0,13330
606,3.77E+12,PL,45.31,2,609376,Z,1984,10222,0,0,1022,9200,2,2,0,10220
612,7.06E+11,PL,29.31,2,1013997,M,1978,10194,0,0,1019,9175,2,2,0,10190
616,2.87E+12,PL,47.11,2,653892,Z,1982,10129,0,0,1013,9116,2,2,0,10130
618,5.66E+12,PL,47.65,2,131754,M,1975,10295,0,0,1029,9266,2,2,0,10290
619,5.86E+12,PL,56.1,2,713545,M,1968,10222,0,0,1022,9200,2,2,0,10220
625,7.04E+12,PL,47.51,2,190904,Z,1988,10000,0,0,1000,9000,2,2,0,10000
631,5.81E+12,PL,71.2,2,828614,M,1980,10133,0,0,1013,9120,2,2,0,10130
636,9.35E+12,PL,47.11,2,97183,M,1964,10556,0,0,1056,9500,2,2,0,10560
644,1.97E+12,PL,49.41,2,36186,M,1967,10222,0,0,1022,9200,2,2,0,10220
645,8.33E+12,PL,61.9,2,821525,Z,1982,30500,0,0,3050,27450,2,2,0,30500
646,6.92E+11,PL,1.47,2,792918,M,1990,10194,0,0,1019,9175,2,2,0,10190
649,7.85E+12,PL,56.3,2,831841,M,1994,10333,0,0,1033,9300,2,2,0,10330
672,7.77E+12,PL,86.23,2,255145,M,1956,5067,0,0,507,4560,2,2,0,5070
673,4.45E+12,PL,84.11,2,739712,Z,1965,47961,0,0,4796,43165,2,2,0,47960
675,83567965874,PL,47.73,2,459862,Z,1984,10000,0,0,1000,9000,2,2,0,10000
678,2.22E+11,PL,24.1,2,696323,M,1966,11667,0,0,1167,10500,2,2,0,11670
684,6.09E+12,PL,41.2,2,623091,M,1970,10295,0,0,1030,9265,2,2,0,10300
688,9.84E+12,PL,35.3,2,435072,Z,1967,10222,0,0,1022,9200,2,2,0,10220
690,2.11E+12,PL,46.73,2,890851,M,1995,10128,0,0,1012,9116,2,2,0,10120
694,1.87E+12,PL,52.21,2,131251,M,1960,28259,0,0,2826,25433,2,2,0,28260
696,8.82E+12,PL,46.18,2,754761,M,1959,10222,0,0,1022,9200,2,2,0,10220
699,4.63E+11,PL,47.71,2,967222,Z,1983,10000,0,0,1000,9000,2,2,0,10000
701,4.50E+11,PL,49.39,2,549481,M,1967,10324,0,0,1032,9292,2,2,0,10320
705,3.22E+12,PL,17.23,2,362809,Z,1987,10195,0,0,1020,9175,2,2,0,10200
712,2.38E+11,PL,43.39,2,327467,M,1970,10111,0,0,1011,9100,2,2,0,10110
714,9.01E+12,PL,46.35,2,379728,Z,1978,10129,0,0,1013,9116,2,2,0,10130
715,6.63E+12,PL,17.21,2,2984,M,1973,108314,0,0,10831,97483,2,2,0,108310
722,2.43E+12,PL,10.51,2,328131,M,1985,9996,0,0,1000,8996,2,2,0,10000
723,3.24E+12,PL,63.12,2,680603,M,1993,130,0,0,13,117,2,2,0,130
727,6.99E+12,PL,13.1,2,299875,M,1964,3333,0,0,333,3000,2,2,0,3330
735,6.03E+11,PL,86.23,2,786641,M,1962,5000,0,0,500,4500,2,2,0,5000
736,4.43E+11,PL,31.09,2,68824,M,1967,10129,0,0,1013,9116,2,2,0,10130
746,5.46E+12,PL,10.82,2,744843,Z,1973,10333,0,0,1033,9300,2,2,0,10330
760,5.33E+12,PL,49.41,2,237825,M,1964,10333,0,0,1033,9300,2,2,0,10330
768,5.17E+12,SVD,49.31,2,570341,M,1993,10222,0,0,1022,9200,2,2,0,10220
773,5.26E+12,PL,37,2,832718,M,1955,26799,0,0,2679,24120,2,2,0,26790
774,7.91E+12,PL,7.29,2,524463,M,1972,40644,0,0,4065,36579,2,2,0,40650
780,2.54E+12,PL,47.54,2,520014,M,1981,10222,0,0,1022,9200,2,2,0,10220
782,5.70E+12,PL,64.19,2,837561,Z,1974,13003,0,0,1300,11703,2,2,0,13000
783,8.56E+12,PL,35.11,2,192133,M,1960,100962,0,0,10097,90865,2,2,0,100970
791,6.02E+12,PL,47.19,2,469134,Z,1989,5167,0,0,517,4650,2,2,0,5170
793,3.59E+12,PL,1.5,2,349305,M,1986,10194,0,0,1019,9175,2,2,0,10190
800,7.76E+12,PL,38.11,2,586637,M,1961,78597,0,0,7860,70737,2,2,0,78600
803,4.48E+12,PL,60.2,2,260690,Z,1976,1250200,0,0,125020,1125180,2,2,0,1250200
804,6.35E+12,PL,43.33,2,541358,M,1966,35556,0,0,3556,32000,2,2,0,35560
807,9.45E+12,PL,46.9,2,930317,Z,1974,10000,0,0,1000,9000,2,2,0,10000
813,3.27E+12,PL,41.2,2,350405,M,1958,10285,0,0,1019,9266,2,2,0,10190
814,5.86E+12,PL,49.39,2,921036,M,1963,10133,0,0,1013,9120,2,2,0,10130
818,3.92E+12,PL,49.39,2,418132,M,1991,10222,0,0,1022,9200,2,2,0,10220
823,8.17E+12,PL,10.89,2,411838,Z,1979,1111,0,0,111,1000,2,2,0,1110
830,2.64E+11,PL,82.99,2,122522,M,1981,10194,0,0,1019,9175,2,2,0,10190
831,6.08E+11,PL,41.2,2,755608,M,1977,10556,0,0,1056,9500,2,2,0,10560
840,5.15E+12,PL,56.1,2,709221,Z,1983,11111,0,0,1111,10000,2,2,0,11110
845,3.01E+12,PL,14.13,2,718035,Z,1975,3889,0,0,389,3500,2,2,0,3890
847,9.96E+12,PL,47.22,2,884582,M,1955,10076,0,0,1008,9068,2,2,0,10080
855,1.11E+12,PL,46.51,2,442972,Z,1974,10296,0,0,1030,9266,2,2,0,10300
869,2.36E+12,SVD,56.1,2,171929,Z,1971,10000,0,0,1000,9000,2,2,0,10000
876,1.12E+12,PL,80.1,2,160153,M,1990,555,0,0,55,500,2,2,0,550
878,3.68E+12,PL,36,2,38548,M,1958,11111,0,0,1111,10000,2,2,0,11110
887,4.41E+12,PL,47.19,2,881283,M,1990,10222,0,0,1022,9200,2,2,0,10220
890,3.27E+12,PL,86.21,2,274666,Z,1963,605222,0,0,60522,544700,2,2,0,605220
891,9.95E+12,PL,14.13,2,536230,Z,1968,2056,0,0,206,1850,2,2,0,2060
897,2.75E+12,PL,49.39,2,901012,Z,1964,10129,0,0,1013,9116,2,2,0,10130
911,6.28E+12,PL,25.62,2,312277,Z,1983,10450,0,0,950,9500,2,2,0,9500
914,8.97E+11,PL,56.1,2,37241,Z,1988,9918,0,0,992,8926,2,2,0,9920
916,4.04E+12,PL,28.21,2,982590,M,1971,13333,0,0,1333,12000,2,2,0,13330
918,5.16E+12,PL,47.19,2,924042,M,1980,10667,0,0,1067,9600,2,2,0,10670
934,8.07E+12,PL,47.19,2,768999,Z,1973,12444,0,0,1244,11200,2,2,0,12440
936,7.46E+12,PL,49.32,2,465463,M,1976,11111,0,0,1111,10000,2,2,0,11110
939,2.94E+12,PL,84.11,2,251579,M,1988,15638,0,0,1564,14074,2,2,0,15640
940,8.96E+12,PL,42.91,2,708534,M,1967,10129,0,0,1013,9116,2,2,0,10130
945,A332600597950,PL,93.13,2,306595,Z,1989,10222,0,0,1022,9200,2,2,0,10220
946,5.59E+12,PL,47.99,2,924269,Z,1984,10222,0,0,1022,9200,2,2,0,10220
949,7.44E+12,PL,31.09,2,69427,M,1981,10133,0,0,1013,9120,2,2,0,10130
954,4.43E+12,PL,47.19,2,18145,M,1985,10222,0,0,1022,9200,2,2,0,10220
966,4.13E+12,PL,53.1,2,625931,Z,1963,6667,0,0,667,6000,2,2,0,6670
973,2.46E+12,PL,86.1,2,265292,M,1962,19998,0,0,1998,18000,2,2,0,19980
980,5.91E+12,PL,86.21,2,871572,M,1960,3333,0,0,333,3000,2,2,0,3330
988,8.07E+12,PL,47.19,2,873274,M,1968,12444,0,0,1244,11200,2,2,0,12440
994,52440278840,PL,31.09,2,422620,M,1976,15558,0,0,1558,14000,2,2,0,15580
997,5.70E+12,PL,14.13,2,536662,Z,1979,10000,0,0,1000,9000,2,2,0,10000
1000,3.21E+12,PL,47.11,2,502405,Z,1975,10194,0,0,1019,9175,2,2,0,10190
17,9.10E+12,PL,84.3,3,198545,Z,1948,128722,0,89373,3935,124787,3,3,0,39350
25,9.10E+12,PL,84.3,3,292836,Z,1954,204615,0,89373,11524,193091,3,3,0,115240
26,9.10E+12,PL,84.3,3,590945,M,1940,236254,0,89373,14688,221566,3,3,0,146880
28,9.10E+12,PL,84.3,3,444832,M,1946,215082,0,89373,12571,202511,3,3,0,125710
32,9.10E+12,PL,84.3,3,234890,Z,1955,116941,0,89373,2757,114184,3,3,0,27570
38,9.10E+12,PL,84.3,3,904787,Z,1943,117397,0,89373,2802,114595,3,3,0,28020
39,9.10E+12,PL,84.3,3,133480,M,1958,142543,0,89373,5317,137226,3,3,0,53170
42,9.10E+12,PL,84.3,3,403104,Z,1932,134001,0,89373,4463,129538,3,3,0,44630
45,9.10E+12,PL,84.3,3,519146,Z,1960,174462,0,89373,8509,165953,3,3,0,85090
53,9.10E+12,PL,84.3,3,909642,Z,1952,109940,0,89373,2057,107883,3,3,0,20570
57,9.10E+12,PL,84.3,3,335955,M,1939,63772,0,63772,0,63772,3,3,0,0
58,9.10E+12,PL,84.3,3,16109,M,1952,109940,0,89373,2057,107883,3,3,0,20570
62,9.10E+12,PL,84.3,3,488398,Z,1934,138383,0,89373,4901,133482,3,3,0,49010
63,9.10E+12,PL,84.3,3,530615,M,1932,516282,0,89373,42691,473591,3,3,0,426910
69,9.10E+12,PL,84.3,3,615639,M,1938,205981,0,89373,11661,194320,3,3,0,116610
79,9.10E+12,PL,84.3,3,116206,M,1941,158303,0,89373,6893,151410,3,3,0,68930
80,9.10E+12,PL,84.3,3,709695,M,1995,109940,0,89373,2057,107883,3,3,0,20570
81,9.10E+12,PL,84.3,3,540502,M,1948,368622,0,89373,27925,340697,3,3,0,279250
99,9.10E+12,PL,84.3,3,705021,M,1932,148875,0,89373,5950,142925,3,3,0,59500
112,9.10E+12,PL,84.3,3,684124,Z,1953,124886,0,89373,3551,121335,3,3,0,35510
115,9.10E+12,PL,84.3,3,762508,Z,1945,135220,0,89373,4585,130635,3,3,0,45850
118,9.10E+12,PL,84.3,3,736090,Z,1932,197412,0,89373,10804,186608,3,3,0,108040
125,9.10E+12,PL,84.3,3,862662,Z,1949,198304,0,89373,10893,187411,3,3,0,108930
128,9.10E+12,PL,84.3,3,170541,Z,1940,146989,0,89373,5762,141227,3,3,0,57620
130,9.10E+12,PL,84.3,3,918568,Z,1953,206673,0,89373,11730,194943,3,3,0,117300
132,9.10E+12,PL,84.3,3,759680,M,1943,41514,0,41514,0,41514,3,3,0,0
133,9.10E+12,PL,84.3,3,276965,M,1959,203976,0,89373,11460,192516,3,3,0,114600
134,9.10E+12,PL,84.3,3,736690,M,1952,285150,0,89373,19578,265572,3,3,0,195780
138,9.10E+12,PL,84.3,3,247185,M,1949,394421,0,89373,30505,363916,3,3,0,305050
168,9.10E+12,PL,84.3,3,329086,Z,1951,326975,0,89373,23760,303215,3,3,0,237600
176,9.10E+12,PL,84.3,3,657370,Z,1947,63205,0,63205,0,63205,3,3,0,0
177,9.10E+12,PL,84.3,3,788443,Z,1939,220389,0,89373,13102,207287,3,3,0,131020
183,9.10E+12,PL,84.3,3,444077,Z,1930,179941,0,89373,9057,170884,3,3,0,90570
184,9.10E+12,PL,84.3,3,269214,Z,1934,131112,0,89373,4174,126938,3,3,0,41740
211,9.10E+12,PL,84.3,3,815046,M,1945,246627,0,89373,15725,230902,3,3,0,157250
215,9.10E+12,PL,84.3,3,817659,M,1947,377563,0,89373,28819,348744,3,3,0,288190
216,9.10E+12,PL,84.3,3,54779,M,1943,195501,0,89373,10613,184888,3,3,0,106130
221,9.10E+12,PL,84.3,3,96598,Z,1951,154907,0,89373,6553,148354,3,3,0,65530
226,9.10E+12,PL,84.3,3,681003,M,1943,247280,0,89373,15791,231489,3,3,0,157910
228,9.10E+12,PL,84.3,3,281446,M,1947,146512,0,89373,5714,140798,3,3,0,57140
229,9.10E+12,PL,84.3,3,846904,Z,1942,122703,0,89373,3333,119370,3,3,0,33330
236,9.10E+12,PL,84.3,3,70145,M,1939,211166,0,89373,12179,198987,3,3,0,121790
240,9.10E+12,PL,84.3,3,844211,Z,1944,124886,0,89373,3551,121335,3,3,0,35510
247,9.10E+12,PL,84.3,3,313573,M,1946,109940,0,89373,2057,107883,3,3,0,20570
248,9.10E+12,PL,84.3,3,649885,M,1948,218757,0,89373,12938,205819,3,3,0,129380
254,9.10E+12,PL,84.3,3,388375,M,1938,103767,0,89373,1439,102328,3,3,0,14390
269,9.10E+12,PL,84.3,3,313433,M,1944,223944,0,89373,13457,210487,3,3,0,134570
270,9.10E+12,PL,84.3,3,748113,Z,1945,70605,0,70605,0,70605,3,3,0,0
277,9.10E+12,PL,84.3,3,854609,M,1947,269031,0,89373,17966,251065,3,3,0,179660
281,9.10E+12,PL,84.3,3,306894,M,1922,275790,0,89373,18642,257148,3,3,0,186420
286,9.10E+12,PL,84.3,3,729531,Z,1949,118082,0,89373,2871,115211,3,3,0,28710
288,9.10E+12,PL,84.3,3,382707,Z,1930,138383,0,89373,4901,133482,3,3,0,49010
295,9.10E+12,PL,84.3,3,875614,Z,1966,109940,0,89373,2057,107883,3,3,0,20570
301,9.10E+12,PL,84.3,3,573428,Z,1938,275483,0,89373,18611,256872,3,3,0,186110
305,9.10E+12,PL,84.3,3,561747,M,1954,246867,0,89373,15749,231118,3,3,0,157490
316,9.10E+12,PL,84.3,3,209138,M,1942,185501,0,89373,9613,175888,3,3,0,96130
318,9.10E+12,PL,84.3,3,916166,Z,1932,131285,0,89373,4191,127094,3,3,0,41910
324,9.10E+12,PL,84.3,3,520736,M,1935,248951,0,89373,15958,232993,3,3,0,159580
325,9.10E+12,PL,84.3,3,355398,M,1944,400812,0,89373,31144,369668,3,3,0,311440
329,9.10E+12,PL,84.3,3,505575,Z,1926,109940,0,89373,2057,107883,3,3,0,20570
333,9.10E+12,PL,84.3,3,385684,Z,1941,131307,0,89373,4193,127114,3,3,0,41930
337,9.10E+12,PL,84.3,3,877631,Z,1955,179622,0,89373,9025,170597,3,3,0,90250
339,9.10E+12,PL,84.3,3,133029,M,1948,492114,0,89373,40274,451840,3,3,0,402740
356,9.10E+12,PL,84.3,3,447742,Z,1937,3864,0,3010,85,3779,3,3,0,850
357,9.10E+12,PL,84.3,3,421521,M,1950,176558,0,104087,7247,169311,3,3,0,72470
364,9.10E+12,PL,84.3,3,537806,M,1950,192359,0,89373,10299,182060,3,3,0,102990
383,9.10E+12,PL,84.3,3,952144,Z,1955,112493,0,74560,3793,108700,3,3,0,37930
385,9.10E+12,PL,84.3,3,485649,Z,1927,269564,0,89373,18019,251545,3,3,0,180190
386,9.10E+12,PL,84.3,3,304768,M,1948,186101,0,89373,9673,176428,3,3,0,96730
387,9.10E+12,PL,84.3,3,949540,M,1953,87833,0,46681,4115,83718,3,3,0,41150
392,9.10E+12,PL,84.3,3,537490,M,1940,249057,0,89373,15968,233089,3,3,0,159680
393,9.10E+12,PL,84.3,3,412982,M,1941,297981,0,89373,20861,277120,3,3,0,208610
398,9.10E+12,PL,84.3,3,484181,Z,1964,103790,0,89373,1442,102348,3,3,0,14420
400,9.10E+12,PL,84.3,3,477802,M,1937,377830,0,89373,28846,348984,3,3,0,288460
402,9.10E+12,PL,84.3,3,754411,Z,1953,130792,0,89373,4142,126650,3,3,0,41420
417,9.10E+12,PL,84.3,3,302050,M,1949,109940,0,89373,2057,107883,3,3,0,20570
433,9.10E+12,PL,84.3,3,150491,M,1955,129914,0,64412,6550,123364,3,3,0,65500
438,9.10E+12,PL,84.3,3,501435,Z,1952,259404,0,89373,17003,242401,3,3,0,170030
445,9.10E+12,PL,84.3,3,289984,Z,1964,109940,0,89373,2057,107883,3,3,0,20570
453,9.10E+12,PL,84.3,3,947065,Z,1948,82419,0,82419,0,82419,3,3,0,0
462,9.10E+12,PL,84.3,3,673847,M,1937,194550,0,89373,10518,184032,3,3,0,105180
463,9.10E+12,PL,84.3,3,441115,M,1935,19695,0,7696,1200,18495,3,3,0,12000
466,9.10E+12,PL,84.3,3,593527,M,1943,168111,0,89373,7874,160237,3,3,0,78740
470,9.10E+12,PL,84.3,3,815346,M,1952,143316,0,89373,5394,137922,3,3,0,53940
473,9.10E+12,PL,84.3,3,800451,Z,1934,156525,0,89373,6715,149810,3,3,0,67150
476,9.10E+12,PL,84.3,3,336364,Z,1952,162924,0,89373,7355,155569,3,3,0,73550
479,9.10E+12,PL,84.3,3,520984,Z,1945,42143,0,42143,0,42143,3,3,0,0
483,9.10E+12,PL,84.3,3,757099,M,1949,167911,0,89373,7854,160057,3,3,0,78540
490,9.10E+12,PL,84.3,3,273887,M,1942,128495,0,89373,3912,124583,3,3,0,39120
502,9.10E+12,PL,84.3,3,28026,Z,1935,123215,0,89373,3384,119831,3,3,0,33840
506,9.10E+12,PL,84.3,3,147632,Z,1948,232539,0,89373,14317,218222,3,3,0,143170
514,9.10E+12,PL,84.3,3,38093,M,1949,345472,0,89373,25610,319862,3,3,0,256100
516,9.10E+12,PL,84.3,3,23462,Z,1969,109940,0,89373,2057,107883,3,3,0,20570
517,9.10E+12,PL,84.3,3,869377,Z,1952,118642,0,89373,2927,115715,3,3,0,29270
525,9.10E+12,PL,84.3,3,841696,Z,1948,146859,0,89373,5749,141110,3,3,0,57490
528,9.10E+12,PL,84.3,3,424103,Z,1953,252826,0,89373,16345,236481,3,3,0,163450
535,9.10E+12,PL,84.3,3,491027,M,1943,196194,0,89373,10682,185512,3,3,0,106820
540,9.10E+12,PL,84.3,3,678697,M,1949,220602,0,89373,13123,207479,3,3,0,131230
549,9.10E+12,PL,84.3,3,72248,Z,1939,51113,0,51113,0,51113,3,3,0,0
552,9.10E+12,PL,84.3,3,707280,Z,1926,72041,0,62467,957,71084,3,3,0,9570
553,9.10E+12,PL,84.3,3,424077,Z,1952,242107,0,89373,15273,226834,3,3,0,152730
557,9.10E+12,PL,84.3,3,533629,Z,1950,146072,0,89373,5670,140402,3,3,0,56700
559,9.10E+12,PL,84.3,3,829944,Z,1951,108375,0,89373,1900,106475,3,3,0,19000
560,9.10E+12,PL,84.3,3,24948,M,1938,131285,0,89373,4191,127094,3,3,0,41910
573,9.10E+12,PL,84.3,3,313153,M,1939,42322,0,42322,0,42322,3,3,0,0
581,9.10E+12,PL,84.3,3,464308,M,1952,416433,0,89373,32706,383727,3,3,0,327060
582,9.10E+12,PL,84.3,3,583674,M,1950,71640,0,18818,5282,66358,3,3,0,52820
588,9.10E+12,PL,84.3,3,924950,M,1943,168609,0,89373,7924,160685,3,3,0,79240
589,9.10E+12,PL,84.3,3,368851,M,1950,127930,0,89373,3856,124074,3,3,0,38560
608,9.10E+12,PL,84.3,3,279294,Z,1954,219266,0,82016,13725,205541,3,3,0,137250
609,9.10E+12,PL,84.3,3,488695,M,1945,284911,0,89373,19554,265357,3,3,0,195540
614,9.10E+12,PL,84.3,3,704959,Z,1998,109940,0,89373,2057,107883,3,3,0,20570
621,9.10E+12,PL,84.3,3,597952,Z,1945,201353,0,89373,11198,190155,3,3,0,111980
622,9.10E+12,PL,84.3,3,867562,Z,1962,49358,0,47199,216,49142,3,3,0,2160
627,9.10E+12,PL,84.3,3,705420,Z,1949,233285,0,89373,14391,218894,3,3,0,143910
628,9.10E+12,PL,84.3,3,586607,Z,1960,166911,0,89373,7754,159157,3,3,0,77540
637,9.10E+12,PL,84.3,3,141908,M,1950,109940,0,89373,2057,107883,3,3,0,20570
641,9.10E+12,PL,84.3,3,652666,M,1954,281315,0,89373,19194,262121,3,3,0,191940
656,9.10E+12,PL,84.3,3,37546,M,1929,131285,0,89373,4191,127094,3,3,0,41910
658,9.10E+12,PL,84.3,3,368880,M,1951,426419,0,89373,33705,392714,3,3,0,337050
661,9.10E+12,PL,84.3,3,25120,M,1943,194590,0,89373,10522,184068,3,3,0,105220
666,9.10E+12,PL,84.3,3,412841,M,1937,103767,0,89373,1439,102328,3,3,0,14390
669,9.10E+12,PL,84.3,3,198706,M,1951,460867,0,89373,37149,423718,3,3,0,371490
670,9.10E+12,PL,84.3,3,942767,M,1953,71929,0,58530,1340,70589,3,3,0,13400
676,9.10E+12,PL,84.3,3,292919,M,1955,162897,0,89373,7352,155545,3,3,0,73520
677,9.10E+12,PL,84.3,3,859555,M,1931,82413,0,60846,2157,80256,3,3,0,21570
685,9.10E+12,PL,84.3,3,832220,M,1942,340299,0,89373,25093,315206,3,3,0,250930
686,9.10E+12,PL,84.3,3,226048,Z,1945,140659,0,89373,5129,135530,3,3,0,51290
703,9.10E+12,PL,84.3,3,176315,M,1945,256876,0,89373,16750,240126,3,3,0,167500
704,9.10E+12,PL,84.3,3,283751,Z,1953,117397,0,89373,2802,114595,3,3,0,28020
716,9.10E+12,PL,84.3,3,400821,Z,1945,131307,0,89373,4193,127114,3,3,0,41930
725,9.10E+12,PL,84.3,3,613355,Z,1950,140485,0,89373,5111,135374,3,3,0,51110
730,9.10E+12,PL,84.3,3,189306,M,1950,331090,0,89373,24172,306918,3,3,0,241720
731,9.10E+12,PL,84.3,3,16197,Z,1953,252773,0,89373,16340,236433,3,3,0,163400
737,9.10E+12,PL,84.3,3,304380,Z,1938,55312,0,22269,3304,52008,3,3,0,33040
741,9.10E+12,PL,84.3,3,262143,Z,1949,227592,0,89373,13822,213770,3,3,0,138220
745,9.10E+12,PL,84.3,3,770815,M,1952,130952,0,89373,4158,126794,3,3,0,41580
747,9.10E+12,PL,84.3,3,585700,Z,1935,103767,0,89373,1439,102328,3,3,0,14390
748,9.10E+12,PL,84.3,3,96437,Z,1948,291110,0,89373,20174,270936,3,3,0,201740
751,9.10E+12,PL,84.3,3,923568,Z,1968,20,0,20,0,20,3,3,0,0
756,9.10E+12,PL,84.3,3,331254,Z,1941,183031,0,89373,9366,173665,3,3,0,93660
759,9.10E+12,PL,84.3,3,444598,M,1942,260635,0,89373,17126,243509,3,3,0,171260
762,9.10E+12,PL,84.3,3,228754,Z,1947,199576,0,89373,11020,188556,3,3,0,110200
763,9.10E+12,PL,84.3,3,378534,M,1945,220189,0,89373,13082,207107,3,3,0,130820
767,9.10E+12,PL,84.3,3,237113,Z,1946,138383,0,89373,4901,133482,3,3,0,49010
770,9.10E+12,PL,84.3,3,321690,M,1955,131285,0,89373,4191,127094,3,3,0,41910
775,9.10E+12,PL,84.3,3,197987,M,2003,211180,0,89373,12181,198999,3,3,0,121810
779,9.10E+12,PL,84.3,3,877103,M,1941,223117,0,89373,13374,209743,3,3,0,133740
790,9.10E+12,PL,84.3,3,264791,M,1950,185901,0,89373,9653,176248,3,3,0,96530
798,9.10E+12,PL,84.3,3,390927,Z,1937,220389,0,89373,13102,207287,3,3,0,131020
799,9.10E+12,PL,84.3,3,637449,Z,1937,118029,0,89373,2866,115163,3,3,0,28660
808,9.10E+12,PL,84.3,3,622126,M,1952,124993,0,89373,3562,121431,3,3,0,35620
812,9.10E+12,PL,84.3,3,118911,M,1951,187780,0,96730,9105,178675,3,3,0,91050
815,9.10E+12,PL,84.3,3,35360,M,1951,157591,0,89373,6822,150769,3,3,0,68220
816,9.10E+12,PL,84.3,3,632525,M,1944,153396,0,89373,6402,146994,3,3,0,64020
817,9.10E+12,PL,84.3,3,336247,M,1950,120819,0,89373,3145,117674,3,3,0,31450
828,9.10E+12,PL,84.3,3,797883,M,1929,446632,0,89373,35726,410906,3,3,0,357260
834,9.10E+12,PL,84.3,3,678773,M,1950,275782,0,74560,20122,255660,3,3,0,201220
838,9.10E+12,PL,84.3,3,269291,M,1939,152671,0,89373,6330,146341,3,3,0,63300
846,9.10E+12,PL,84.3,3,285590,Z,1942,131285,0,89373,4191,127094,3,3,0,41910
848,9.10E+12,PL,84.3,3,186518,Z,1944,241174,0,89373,15180,225994,3,3,0,151800
850,9.10E+12,PL,84.3,3,615524,M,1933,54468,0,37181,1729,52739,3,3,0,17290
861,9.10E+12,PL,84.3,3,352104,Z,1934,181386,0,89373,9201,172185,3,3,0,92010
865,9.10E+12,PL,84.3,3,173729,M,1951,384781,0,89373,29541,355240,3,3,0,295410
870,9.10E+12,PL,84.3,3,774027,Z,1958,167444,0,89373,7807,159637,3,3,0,78070
872,9.10E+12,PL,84.3,3,743950,Z,1947,131285,0,89373,4191,127094,3,3,0,41910
900,9.10E+12,PL,84.3,3,116204,M,1941,176905,0,89373,8753,168152,3,3,0,87530
904,9.10E+12,PL,84.3,3,925089,Z,1949,131285,0,89373,4191,127094,3,3,0,41910
906,9.10E+12,PL,84.3,3,281345,M,1943,158263,0,89373,6889,151374,3,3,0,68890
907,9.10E+12,PL,84.3,3,796052,M,1950,444050,0,89373,35468,408582,3,3,0,354680
913,9.10E+12,PL,84.3,3,674147,M,1950,277640,0,89373,18827,258813,3,3,0,188270
917,9.10E+12,PL,84.3,3,822995,M,1962,291741,0,89373,20237,271504,3,3,0,202370
929,9.10E+12,PL,84.3,3,563778,M,1940,73649,0,73649,0,73649,3,3,0,0
930,9.10E+12,PL,84.3,3,508426,Z,1961,166493,0,89373,7712,158781,3,3,0,77120
931,9.10E+12,PL,84.3,3,291907,Z,1938,117397,0,89373,2802,114595,3,3,0,28020
937,9.10E+12,PL,84.3,3,585920,Z,1944,93314,0,89373,394,92920,3,3,0,3940
943,9.10E+12,PL,84.3,3,211354,Z,1935,157937,0,89373,6856,151081,3,3,0,68560
947,9.10E+12,PL,84.3,3,588723,Z,1951,241187,0,89373,15181,226006,3,3,0,151810
956,9.10E+12,PL,84.3,3,807662,M,1938,297247,0,89373,20787,276460,3,3,0,207870
961,9.10E+12,PL,84.3,3,201554,M,1951,109940,0,89373,2057,107883,3,3,0,20570
964,9.10E+12,PL,84.3,3,832570,M,1951,234024,0,89373,14465,219559,3,3,0,144650
967,9.10E+12,PL,84.3,3,113627,M,1935,147543,0,89373,5817,141726,3,3,0,58170
968,9.10E+12,PL,84.3,3,217008,M,1954,353734,0,89373,26436,327298,3,3,0,264360
969,9.10E+12,PL,84.3,3,16450,M,1957,169210,0,51868,11734,157476,3,3,0,117340
974,9.10E+12,PL,84.3,3,221723,Z,1946,293207,0,89373,20383,272824,3,3,0,203830
987,9.10E+12,PL,84.3,3,131217,Z,1959,131285,0,89373,4191,127094,3,3,0,41910
995,9.10E+12,PL,84.3,3,946817,Z,1949,54058,0,41008,1305,52753,3,3,0,13050
998,9.10E+12,PL,84.3,3,754157,M,1949,215842,0,89373,12647,203195,3,3,0,126470
332,2.36E+12,PL,84.11,5,1006762,M,1986,24824,0,0,2482,22342,5,2,0,24820
935,4.41E+11,PL,84.23,6,300809,M,1985,1000,0,0,100,900,6,2,0,1000
19,1.90E+12,PL,86.22,8,836420,Z,1996,225176,0,0,22517,202659,8,2,0,225170
35,8.63E+12,PL,65.12,8,396259,M,1952,4780,0,0,478,4302,8,2,0,4780
37,1.80E+12,PL,64.19,8,134535,M,1982,150,0,0,15,135,8,2,0,150
48,6.35E+12,PL,73.2,8,200613,Z,1992,40967,0,0,4097,36870,8,2,0,40970
54,8.30E+12,PL,94.12,8,96729,M,1954,29622,0,0,2962,26660,8,2,0,29620
60,9.56E+12,PL,86.23,8,541648,Z,1972,1500,0,0,150,1350,8,2,0,1500
70,4.51E+12,PL,47.75,8,979340,Z,1986,2230,0,0,223,2007,8,2,0,2230
72,8.92E+12,PL,71.11,8,732873,M,1977,6000,0,0,600,5400,8,2,0,6000
73,2.73E+12,PL,84.11,8,103996,Z,1963,84556,0,0,8456,76100,8,2,0,84560
93,4.52E+12,PL,61.2,8,1020545,Z,1995,11111,0,0,1111,10000,8,2,0,11110
94,5.93E+12,PL,23.32,8,932252,M,1968,20906,0,0,2091,18815,8,2,0,20910
117,5.22E+12,PL,94.99,8,1004636,Z,1977,3000,0,0,300,2700,8,2,0,3000
126,A112274796485,PL,94.99,8,932795,Z,1982,13333,0,0,1333,12000,8,2,0,13330
127,2.72E+12,PL,43.33,8,425579,M,1988,66666,0,0,6666,60000,8,2,0,66660
141,5.33E+12,PL,56.1,8,248053,M,1970,1667,0,0,167,1500,8,2,0,1670
145,3.43E+12,PL,71.2,8,37392,Z,1992,5000,0,0,500,4500,8,2,0,5000
161,4.88E+12,PL,56.3,8,627318,M,1995,23333,0,0,2333,21000,8,2,0,23330
167,3.54E+12,PL,69.10/4,8,258420,M,1984,1667,0,0,167,1500,8,2,0,1670
170,33887902337,PL,71.2,8,28437,M,1946,144445,0,0,14445,130000,8,2,0,144450
175,6.16E+12,PL,46.46,8,57959,M,1960,57333,0,0,5733,51600,8,2,0,57330
181,1.24E+11,PL,69.10/4,8,575302,M,1982,82823,0,0,8283,74540,8,2,0,82830
199,2.20E+12,PL,69.10/4,8,550574,Z,1993,76666,0,0,7666,69000,8,2,0,76660
205,5.74E+12,PL,94.99,8,253363,M,1967,889,0,0,89,800,8,2,0,890
214,2.53E+11,PL,47.59,8,100783,M,1990,75441,0,0,7544,67897,8,2,0,75440
224,1.10E+12,SVD,56.1,8,301062,M,1990,4667,0,0,467,4200,8,2,0,4670
231,1.24E+11,PL,69.10/4,8,649092,Z,1988,84443,0,0,8443,76000,8,2,0,84430
242,6.34E+12,PL,94.99,8,819671,M,1996,79360,0,0,7936,71424,8,2,0,79360
244,4.45E+12,PL,84.11,8,329307,M,1956,17289,0,0,1729,15560,8,2,0,17290
257,8.07E+12,PL,47.19,8,305438,M,1962,17760,0,0,1776,15984,8,2,0,17760
272,7.10E+12,PL,69.10/4,8,966826,M,1996,889,0,0,89,800,8,2,0,890
279,2.84E+12,PL,93.19,8,667041,M,1956,2222,0,0,222,2000,8,2,0,2220
282,7.50E+12,PL,90.04,8,934613,Z,1981,3333,0,0,333,3000,8,2,0,3330
311,9.62E+12,PL,69.10/4,8,506409,M,1964,6667,0,0,667,6000,8,2,0,6670
323,4.77E+12,PL,46.46,8,494965,Z,1980,11772,0,0,1177,10595,8,2,0,11770
341,7.94E+12,PL,84.13,8,379398,M,1970,34264,0,0,3426,30838,8,2,0,34260
348,1.24E+11,PL,69.10/4,8,76839,Z,1981,19111,0,0,1911,17200,8,2,0,19110
358,8.38E+12,PL,91.02,8,484189,M,1964,6667,0,0,667,6000,8,2,0,6670
362,2.20E+12,PL,69.10/4,8,987547,Z,1995,3556,0,0,356,3200,8,2,0,3560
365,6.74E+12,PL,46.46,8,105356,M,1995,19998,0,0,1998,18000,8,2,0,19980
368,3.72E+12,PL,41.2,8,348589,M,1968,23889,0,0,2389,21500,8,2,0,23890
369,5.79E+12,PL,1.45,8,638439,M,1963,756659,0,0,75659,681000,8,2,0,756590
411,8.01E+12,PL,93.12,8,395069,M,1982,403845,0,0,40380,363465,8,2,0,403800
430,7.94E+12,PL,84.13,8,196831,M,1966,15933,0,0,1593,14340,8,2,0,15930
431,73507784434,PL,46.31,8,584849,M,1980,67980,0,0,6797,61183,8,2,0,67970
441,3.38E+12,PL,2.2,8,325322,M,1980,13361,0,0,1336,12025,8,2,0,13360
443,9.62E+12,PL,69.10/4,8,552933,M,1990,33334,0,0,3333,30001,8,2,0,33330
448,1.52E+12,PL,65.11,8,114720,Z,1967,2001,0,0,201,1800,8,2,0,2010
475,5.91E+11,PL,45.32,8,782708,M,1992,133333,0,0,13333,120000,8,2,0,133330
491,9.71E+12,PL,82.99,8,541743,Z,1975,79999,0,0,7999,72000,8,2,0,79990
493,3.32E+11,PL,94.2,8,409529,Z,1985,1178,0,0,118,1060,8,2,0,1180
508,7.63E+12,PL,94.99,8,30232,Z,1977,32221,0,0,3222,28999,8,2,0,32220
522,7.94E+12,PL,84.13,8,1019446,M,1967,30278,0,0,3028,27250,8,2,0,30280
532,2.66E+12,PL,84.11,8,722822,M,1968,14445,0,0,1445,13000,8,2,0,14450
541,3.46E+12,PL,84.11,8,1008505,Z,2010,11111,0,0,1111,10000,8,2,0,11110
551,2.20E+12,PL,69.10/4,8,491674,Z,1960,74208,0,0,7420,66788,8,2,0,74200
562,9.62E+12,PL,69.10/4,8,845016,Z,1960,93667,0,0,9367,84300,8,2,0,93670
592,5.15E+11,PL,73.2,8,714401,Z,1989,2500,0,0,250,2250,8,2,0,2500
600,A320707501706,PL,81.22,8,743630,M,1998,2778,0,0,278,2500,8,2,0,2780
610,6.16E+12,PL,46.46,8,374445,Z,1961,11222,0,0,1122,10100,8,2,0,11220
647,5.82E+12,PL,38.11,8,886030,M,1989,90594,0,0,9051,81543,8,2,0,90510
652,9.06E+12,PL,94.99,8,122697,Z,1985,11555,0,0,1155,10400,8,2,0,11550
654,1.25E+12,PL,85.31,8,425338,Z,1983,5940,0,0,594,5346,8,2,0,5940
682,1.52E+12,PL,88.99,8,972684,Z,1998,222,0,0,22,200,8,2,0,220
691,2.74E+12,PL,84.13,8,265340,Z,1963,80089,0,0,8010,72079,8,2,0,80100
697,8.94E+12,PL,46.45,8,1003562,Z,1979,10780,0,0,1078,9702,8,2,0,10780
711,7.44E+11,PL,88.99,8,844946,Z,1958,5561,0,0,556,5005,8,2,0,5560
728,8.90E+12,PL,70.1,8,826957,M,1940,2556,0,0,256,2300,8,2,0,2560
742,3.22E+12,PL,93.19,8,248737,M,1986,3334,0,0,334,3000,8,2,0,3340
749,7.41E+12,PL,15.2,8,360476,M,1994,11889,0,0,1189,10700,8,2,0,11890
750,5.73E+12,PL,46.9,8,336464,M,1956,4944,0,0,494,4450,8,2,0,4940
753,3.84E+12,PL,73.11,8,1008276,Z,1998,9333,0,0,933,8400,8,2,0,9330
777,6.53E+11,PL,42.99,8,685729,Z,1994,200000,0,0,20000,180000,8,2,0,200000
787,5.44E+12,PL,85.42,8,791983,M,1969,600,0,0,60,540,8,2,0,600
788,5.56E+12,PL,46.9,8,533077,Z,1996,3056,0,0,306,2750,8,2,0,3060
795,6.30E+12,PL,11.02,8,192733,Z,1975,30444,0,0,3044,27400,8,2,0,30440
825,2.09E+12,PL,73.2,8,1010230,M,1991,43333,0,0,4333,39000,8,2,0,43330
839,9.07E+12,PL,84.12,8,160112,Z,1989,127775,0,0,12775,115000,8,2,0,127750
863,1.62E+12,PL,73.2,8,210597,M,1981,557556,0,0,55756,501800,8,2,0,557560
868,7.10E+12,PL,69.10/4,8,375776,M,1993,3665,0,0,365,3300,8,2,0,3650
877,2.66E+12,PL,91.02,8,179370,M,1953,5556,0,0,556,5000,8,2,0,5560
898,2.20E+12,PL,69.10/4,8,416757,M,1960,26488,0,0,2646,23842,8,2,0,26460
908,7.94E+12,PL,84.13,8,637606,M,1943,34264,0,0,3426,30838,8,2,0,34260
928,5.39E+12,PL,84.11,8,714350,Z,1987,5556,0,0,556,5000,8,2,0,5560
941,6.44E+12,PL,70.22,8,506330,M,1961,5556,0,0,556,5000,8,2,0,5560
950,5.71E+12,PL,81.3,8,587339,Z,1978,82499,0,0,8249,74250,8,2,0,82490
951,1.24E+11,PL,69.10/4,8,934039,Z,1965,101216,0,0,10121,91095,8,2,0,101210
959,5.87E+12,PL,8.92,8,230109,Z,1974,44889,0,0,4489,40400,8,2,0,44890
960,9.62E+12,PL,69.10/4,8,891752,Z,1962,1067,0,0,107,960,8,2,0,1070
962,4.43E+12,PL,65.12,8,895968,M,1963,16209,0,0,1621,14588,8,2,0,16210
970,2.60E+12,PL,65.12,8,409367,M,1981,472222,0,0,47222,425000,8,2,0,472220
975,9.62E+12,PL,69.10/4,8,828058,Z,1967,455,0,0,45,410,8,2,0,450
979,9.26E+12,PL,94.99,8,412100,M,1985,26666,0,0,2666,24000,8,2,0,26660
985,4.37E+12,PL,94.99,8,281936,Z,1961,555,0,0,55,500,8,2,0,550
2,9.93E+12,PL,47.25,9,252590,M,1949,38920,9730,0,2920,36000,9,4,9730,29200
86,5.18E+11,PL,69.2,9,599596,Z,1976,168649,42162,0,12649,156000,9,4,42162,126490
233,2.63E+12,PL,65.12,9,324242,M,1957,101994,25498,0,7650,94344,9,4,25498,76500
253,A876948335490,PL,2.2,9,769767,M,1989,6649,1662,0,499,6150,9,4,1662,4990
346,3.60E+12,PL,47.11,9,1011064,M,1944,12973,3243,0,973,12000,9,4,3243,9730
360,9.01E+12,SVD,69.10/1,9,722501,Z,1961,52000,12000,0,4000,48000,9,4,12000,40000
361,9.37E+12,PL,52.29,9,170504,M,1939,129730,32432,0,9730,120000,9,4,32432,97300
371,2.09E+12,PL,47.11,9,885933,M,1987,197814,49454,0,14842,182972,9,4,49454,148420
390,9.39E+12,PL,92,9,685032,M,1977,119676,29919,0,8976,110700,9,4,29919,89760
394,1.34E+11,PL,47.77,9,414448,M,1972,648649,162162,0,48649,600000,9,4,162162,486490
426,9.62E+12,SVD,49.41,9,112296,M,1967,64865,16216,0,4865,60000,9,4,16216,48650
501,1.48E+12,PL,94.99,9,358420,M,1947,83243,20811,0,6243,77000,9,4,20811,62430
542,7.22E+12,PL,10.71,9,381790,M,1974,129732,32433,0,9732,120000,9,4,32433,97320
554,6.09E+12,PL,94.91,9,535606,M,1948,78708,23612,0,5508,73200,9,4,23612,55080
572,7.95E+12,PL,86.21,9,655402,Z,1958,190151,47538,0,14261,175890,9,4,47538,142610
599,9.69E+12,PL,10.39,9,228347,M,1936,72920,18230,0,5470,67450,9,4,18230,54700
617,5.18E+12,PL,14.13,9,196521,M,1958,92581,27774,0,6481,86100,9,4,27774,64810
650,20860842176,PL,47.11,9,430018,Z,1976,38920,9730,0,2920,36000,9,4,9730,29200
786,7.25E+12,PL,46.9,9,91709,M,1956,53189,13297,0,3989,49200,9,4,13297,39890
844,7.16E+12,PL,92,9,650688,M,1967,638270,159568,0,47870,590400,9,4,159568,478700
866,4.21E+11,PL,96.02,9,149357,M,1988,345735,86162,0,25935,319800,9,4,86162,259350
978,8.97E+12,PL,69.2,9,914124,M,1946,38917,9747,0,2917,36000,9,4,9747,29170
51,1.45E+12,PL,69.10/4,10,71624,M,1983,142105,71055,0,7105,135000,10,4,71055,71050
194,8.78E+12,PL,69.10/4,10,836063,M,1986,707,354,0,35,672,10,4,354,350
274,2.20E+12,PL,69.10/4,10,253823,M,1978,365045,182523,0,18252,346793,10,4,182523,182520
312,4.34E+12,PL,94.99,10,791945,M,1968,12903,3871,0,903,12000,10,4,3871,9030
396,1.23E+12,PL,69.10/4,10,899281,M,1980,48237,24118,0,2412,45825,10,4,24118,24120
407,9.62E+12,PL,69.10/4,10,640896,M,1962,1459953,678968,0,78101,1381852,10,4,678968,781010
472,6.55E+12,PL,82.99,10,14153,Z,1977,31268,9380,0,2190,29078,10,4,9380,21900
503,8.45E+12,PL,69.2,10,194971,Z,1979,60049,18015,0,4203,55846,10,4,18015,42030
521,9.62E+12,PL,69.10/4,10,554681,Z,1975,464366,186323,0,27803,436563,10,4,186323,278030
638,1.23E+12,PL,69.10/4,10,994155,M,1991,64865,16216,0,4865,60000,10,4,16216,48650
719,9.62E+12,PL,69.10/4,10,562122,M,1962,49624,14884,0,3478,46146,10,4,14884,34780
724,5.71E+12,PL,94.99,10,670665,Z,1981,211373,52843,0,15853,195520,10,4,52843,158530
752,2.85E+12,PL,69.10/4,10,990942,M,1981,50778,25388,0,2538,48240,10,4,25388,25380
792,4.19E+12,PL,94.99,10,287567,M,1982,9677,2903,0,677,9000,10,4,2903,6770
856,9.62E+12,PL,69.10/4,10,676907,Z,1965,473101,236553,0,23653,449448,10,4,236553,236530
893,6.83E+12,PL,59.11,10,590570,Z,1993,3844,1153,0,269,3575,10,4,1153,2690
903,8.78E+12,PL,69.10/4,10,325407,M,1981,7262,3631,0,363,6899,10,4,3631,3630
944,5.44E+12,PL,85.42,10,935521,M,#N/A,192700,57810,0,13489,179211,10,4,57810,134890
965,2.41E+12,PL,69.10/4,10,722639,M,1964,287212,143606,0,14362,272850,10,4,143606,143620
991,2.85E+12,PL,69.10/4,10,1001831,Z,1999,6316,3158,0,316,6000,10,4,3158,3160
29,2.64E+11,PL,82.99,11,370312,Z,1984,66300,0,0,6630,59670,11,2,0,66300
88,2.24E+12,PL,62.09,11,82889,Z,1989,1478888,0,0,147888,1331000,11,2,0,1478880
104,7.54E+12,PL,64.19,11,664161,M,1951,2250,0,0,225,2025,11,2,0,2250
234,1.23E+12,PL,21.2,11,736515,M,1948,12500,0,0,1250,11250,11,2,0,12500
280,1.23E+12,PL,21.2,11,234411,Z,1945,8000,0,0,800,7200,11,2,0,8000
313,1.23E+12,PL,21.2,11,728891,M,1990,2000,0,0,200,1800,11,2,0,2000
336,1.23E+12,PL,21.2,11,935854,M,#N/A,5500,0,0,550,4950,11,2,0,5500
389,6.82E+12,PL,14.13,11,444847,Z,1946,17122,0,0,1712,15410,11,2,0,17120
401,7.54E+12,PL,64.19,11,275603,Z,1985,6000,0,0,600,5400,11,2,0,6000
436,7.54E+12,PL,64.19,11,264345,M,1938,300,0,0,30,270,11,2,0,300
449,9.15E+12,PL,47.3,11,555745,M,1936,60000,0,0,6000,54000,11,2,0,60000
478,7.62E+12,PL,64.19,11,255272,Z,1959,49750,0,0,4975,44775,11,2,0,49750
481,4.11E+12,PL,64.19,11,25322,M,1947,11840,0,0,1184,10656,11,2,0,11840
509,4.11E+12,PL,64.19,11,202146,M,1964,28778,0,0,2878,25900,11,2,0,28780
664,7.00E+12,PL,42.11,11,305103,M,1955,20860,0,0,2086,18774,11,2,0,20860
668,2.38E+12,PL,64.2,11,710175,M,1947,3106,0,0,311,2795,11,2,0,3110
740,9.94E+12,PL,64.19,11,401935,M,1971,792,0,0,79,713,11,2,0,790
826,2.16E+12,PL,64.19,11,423510,Z,1932,242,0,0,24,218,11,2,0,240
867,1.72E+12,PL,64.99,11,114526,M,1963,9810,0,0,981,8829,11,2,0,9810
881,2.16E+12,PL,64.19,11,749457,Z,1972,29464,0,0,2946,26518,11,2,0,29460
888,7.00E+12,PL,42.11,11,257199,M,1952,42056,0,0,4206,37850,11,2,0,42060
915,4.52E+12,PL,61.2,11,94972,Z,1974,6646,0,0,665,5981,11,2,0,6650
920,1.72E+12,PL,64.99,11,625766,Z,1960,2398,0,0,240,2158,11,2,0,2400
923,7.54E+12,PL,64.19,11,244532,M,1946,667500,0,0,66750,600750,11,2,0,667500
986,2.64E+11,PL,82.99,11,845630,M,1973,9360,0,0,936,8424,11,2,0,9360
655,7.20E+12,PL,10.83,13,471493,Z,1973,16667,0,0,1667,15000,13,2,0,16670
1,7.62E+12,PL,64.19,14,207401,M,1962,535,187,0,35,500,14,4,187,350
64,2.36E+12,PL,84.11,14,145896,Z,1971,4278,1497,0,278,4000,14,4,1497,2780
71,1.96E+12,PL,84.11,14,1123,Z,1950,3048,1067,0,198,2850,14,4,1067,1980
310,9.40E+12,PL,78.1,14,740992,Z,1991,7895,914,0,789,7106,14,4,914,7890
469,8.64E+12,PL,74.3,14,417691,M,1982,1000,300,0,70,930,14,4,300,700
558,4.43E+12,PL,65.12,14,207315,M,1960,556,0,0,56,500,14,4,0,560
566,52440278840,PL,31.09,14,913533,M,1990,6578,2302,0,428,6150,14,4,2302,4280
630,7.09E+12,PL,13.92,14,199483,M,1967,644,0,0,64,580,14,4,0,640
729,5.50E+12,PL,82.99,14,58737,Z,1979,778,0,0,78,700,14,4,0,780
738,8.25E+12,PL,58.11,14,28203,Z,1940,17210,0,0,1721,15489,14,4,0,17210
806,9.01E+12,PL,46.35,14,522306,M,1978,390,0,0,39,351,14,4,0,390
821,7.09E+12,PL,13.92,14,433054,Z,1984,644,0,0,64,580,14,4,0,640
829,7.62E+12,PL,64.19,14,241528,Z,1993,428,150,0,28,400,14,4,150,280
860,6.07E+12,PL,46.21,14,374365,M,1959,11671,0,0,1168,10503,14,4,0,11680
899,6.81E+12,PL,94.99,14,349970,M,1946,1667,0,0,167,1500,14,4,0,1670
963,7.62E+12,PL,64.19,14,476607,Z,1971,428,150,0,28,400,14,4,150,280
624,5.92E+12,PL,16.21,1b,755412,M,1972,413720,132958,89472,0,280762,16,1,0,0
689,8.55E+11,PL,17.21,1b,1643,M,1956,306413,82733,89373,0,210250,16,1,0,0
692,9.96E+12,PL,16.24,1b,893910,Z,1969,21696,5858,7456,0,15000,16,1,0,0
837,3.68E+12,PL,45.11,1b,804533,M,1975,231453,62497,89373,0,161000,16,1,0,0
50,8.80E+12,PL,22.23,1g,182978,Z,1981,195184,54004,89472,0,136008,17,1,0,0
124,8.72E+12,PL,47.59,1g,666130,M,1996,198377,54972,89373,5405,138000,17,1,0,54050
148,7.60E+12,PL,47.76,1g,591851,Z,1963,186231,54235,89472,4255,127741,17,1,0,42550
159,1.81E+12,PL,14.14,1g,620831,Z,1984,197211,55476,89373,0,136499,17,1,0,0
185,8.27E+12,PL,86.23,1g,491585,M,1958,199036,53736,89373,442,139711,17,1,0,4420
202,8.22E+12,PL,94.99,1g,1011190,Z,1982,77705,21605,35983,0,54088,17,1,0,0
292,4.02E+11,PL,13.96,1g,27748,Z,1993,300659,81243,89373,0,206412,17,1,0,0
464,25700922971,PL,47.71,1g,407435,Z,1985,115522,32587,53489,0,79993,17,1,0,0
550,1.46E+12,PL,47.76,1g,137443,M,1979,195176,54004,89452,5172,136000,17,1,0,51720
653,8.91E+12,PL,47.11,1g,227842,M,1988,194380,54004,89472,0,140376,17,1,0,0
708,1.17E+12,PL,85.53,1g,197704,Z,1987,194767,56795,89274,4872,133100,17,1,0,48720
98,3.12E+12,PL,13.92,1v,341810,Z,1971,368974,99623,89373,0,251354,18,1,0,0
267,5.29E+12,PL,29.32,1v,998574,Z,1993,106181,29953,33374,0,76228,18,1,0,0
404,3.75E+12,PL,29.32,1v,626224,M,1970,252897,68277,89373,0,175094,18,1,0,0
405,1.49E+12,PL,29.31,1v,6829,Z,1977,282885,76379,89373,0,194793,18,1,0,0
769,4.02E+11,PL,13.96,1v,1007882,Z,1988,9688,2615,3050,0,6671,18,1,0,0
862,8.16E+12,PL,26.11,1v,254242,Z,1987,526962,151094,82256,0,375868,18,1,0,0
